id,CVE,CVSS
0,CVE-1999-0144,2.1
1,CVE-1999-0250,10.0
2,CVE-1999-0257,5.0
3,CVE-1999-0285,10.0
4,CVE-1999-0453,5.0
5,CVE-1999-0488,7.5
6,CVE-1999-0492,10.0
7,CVE-1999-0523,0.0
8,CVE-1999-0843,5.0
9,CVE-1999-1022,6.2
10,CVE-1999-1466,7.5
11,CVE-2000-0122,5.0
12,CVE-2000-0160,7.6
13,CVE-2000-0256,7.5
14,CVE-2000-0544,5.0
15,CVE-2000-1240,5.0
16,CVE-2001-0029,10.0
17,CVE-2001-0934,7.5
18,CVE-2001-1082,5.0
19,CVE-2001-1275,7.2
20,CVE-2001-1329,7.2
21,CVE-2002-0180,7.5
22,CVE-2002-0563,5.0
23,CVE-2002-0880,5.0
24,CVE-2003-1316,5.0
25,CVE-2004-0769,10.0
26,CVE-2004-0790,5.0
27,CVE-2004-0791,5.0
28,CVE-2004-0928,5.0
29,CVE-2004-1060,5.0
30,CVE-2004-2222,5.0
31,CVE-2004-2383,5.1
32,CVE-2005-0065,10.0
33,CVE-2005-0066,5.0
34,CVE-2005-0067,5.0
35,CVE-2005-0068,5.0
36,CVE-2005-0563,4.3
37,CVE-2005-0679,7.5
38,CVE-2005-1500,7.5
39,CVE-2005-3266,N/A
40,CVE-2005-3310,3.5
41,CVE-2005-3347,6.8
42,CVE-2005-3477,4.3
43,CVE-2005-3774,5.0
44,CVE-2005-3921,2.6
45,CVE-2005-3924,7.5
46,CVE-2005-3939,7.5
47,CVE-2005-3943,7.5
48,CVE-2005-3975,4.0
49,CVE-2005-4258,7.8
50,CVE-2005-4382,7.5
51,CVE-2005-4485,4.3
52,CVE-2005-4549,4.3
53,CVE-2005-4568,7.5
54,CVE-2005-4634,7.5
55,CVE-2005-4667,3.7
56,CVE-2005-4702,6.4
57,CVE-2005-4802,4.6
58,CVE-2005-4900,5.9
59,CVE-2006-0235,7.5
60,CVE-2006-0245,4.3
61,CVE-2006-0263,10.0
62,CVE-2006-0348,5.0
63,CVE-2006-0448,7.5
64,CVE-2006-0586,7.5
65,CVE-2006-0612,4.6
66,CVE-2006-0668,7.5
67,CVE-2006-0732,6.4
68,CVE-2006-0759,7.5
69,CVE-2006-0794,5.0
70,CVE-2006-0880,4.3
71,CVE-2006-0891,5.0
72,CVE-2006-0918,7.5
73,CVE-2006-0922,5.0
74,CVE-2006-0928,5.0
75,CVE-2006-0929,4.0
76,CVE-2006-0936,6.5
77,CVE-2006-0976,5.0
78,CVE-2006-1007,7.5
79,CVE-2006-1008,5.8
80,CVE-2006-1011,2.1
81,CVE-2006-1104,7.5
82,CVE-2006-1157,4.3
83,CVE-2006-1205,4.3
84,CVE-2006-1271,7.5
85,CVE-2006-1278,6.8
86,CVE-2006-1290,4.3
87,CVE-2006-1353,7.5
88,CVE-2006-1542,3.7
89,CVE-2006-1569,5.1
90,CVE-2006-1603,4.3
91,CVE-2006-1613,5.0
92,CVE-2006-1644,5.0
93,CVE-2006-1652,9.0
94,CVE-2006-1697,4.3
95,CVE-2006-1698,4.3
96,CVE-2006-1706,7.5
97,CVE-2006-1741,4.3
98,CVE-2006-1747,7.5
99,CVE-2006-1760,4.3
100,CVE-2006-1767,7.5
101,CVE-2006-1782,2.1
102,CVE-2006-1794,7.6
103,CVE-2006-1900,7.6
104,CVE-2006-1910,7.5
105,CVE-2006-1937,5.0
106,CVE-2006-2005,7.5
107,CVE-2006-2132,6.4
108,CVE-2006-2190,6.8
109,CVE-2006-2209,6.4
110,CVE-2006-2293,6.4
111,CVE-2006-2296,6.4
112,CVE-2006-2329,5.0
113,CVE-2006-2355,5.0
114,CVE-2006-2731,7.5
115,CVE-2006-2817,7.5
116,CVE-2006-2873,4.3
117,CVE-2006-3013,5.1
118,CVE-2006-3092,7.5
119,CVE-2006-3169,4.3
120,CVE-2006-3210,5.1
121,CVE-2006-3247,2.6
122,CVE-2006-3317,5.1
123,CVE-2006-3661,2.6
124,CVE-2006-3697,7.2
125,CVE-2006-3717,10.0
126,CVE-2006-3761,4.3
127,CVE-2006-3806,7.5
128,CVE-2006-3826,4.3
129,CVE-2006-3857,6.5
130,CVE-2006-3942,7.8
131,CVE-2006-3960,7.5
132,CVE-2006-4005,5.0
133,CVE-2006-4116,5.1
134,CVE-2006-4197,7.5
135,CVE-2006-4198,5.1
136,CVE-2006-4214,7.5
137,CVE-2006-4268,6.8
138,CVE-2006-4366,7.5
139,CVE-2006-4467,7.5
140,CVE-2006-4493,2.1
141,CVE-2006-4539,7.5
142,CVE-2006-4548,7.5
143,CVE-2006-4572,7.5
144,CVE-2006-4595,5.0
145,CVE-2006-4664,5.1
146,CVE-2006-4706,6.8
147,CVE-2006-4748,7.5
148,CVE-2006-4767,6.4
149,CVE-2006-4768,5.0
150,CVE-2006-4794,4.3
151,CVE-2006-4986,5.0
152,CVE-2006-5027,5.0
153,CVE-2006-5089,7.5
154,CVE-2006-5113,7.5
155,CVE-2006-5143,7.5
156,CVE-2006-5303,2.1
157,CVE-2006-5395,7.5
158,CVE-2006-5451,2.6
159,CVE-2006-5478,7.5
160,CVE-2006-5530,4.3
161,CVE-2006-5563,5.0
162,CVE-2006-5624,7.5
163,CVE-2006-5626,4.3
164,CVE-2006-5659,2.1
165,CVE-2006-5800,2.6
166,CVE-2006-5897,5.0
167,CVE-2006-5950,5.0
168,CVE-2006-5970,5.0
169,CVE-2006-5979,5.0
170,CVE-2006-5984,6.8
171,CVE-2006-5988,5.0
172,CVE-2006-6025,5.0
173,CVE-2006-6077,5.0
174,CVE-2006-6145,2.1
175,CVE-2006-6242,6.8
176,CVE-2006-6289,6.8
177,CVE-2006-6310,5.0
178,CVE-2006-6424,9.0
179,CVE-2006-6449,6.4
180,CVE-2006-6482,5.0
181,CVE-2006-6539,10.0
182,CVE-2006-6544,6.8
183,CVE-2006-6625,6.8
184,CVE-2006-6626,6.8
185,CVE-2006-6627,10.0
186,CVE-2006-6684,7.5
187,CVE-2006-6702,6.8
188,CVE-2006-6933,7.8
189,CVE-2006-6966,7.5
190,CVE-2006-7004,6.8
191,CVE-2006-7005,7.5
192,CVE-2006-7019,7.5
193,CVE-2006-7103,6.4
194,CVE-2006-7117,6.8
195,CVE-2006-7123,7.5
196,CVE-2006-7149,4.3
197,CVE-2006-7170,7.5
198,CVE-2006-7237,7.5
199,CVE-2007-0038,9.3
200,CVE-2007-0263,7.1
201,CVE-2007-0437,3.5
202,CVE-2007-0516,4.9
203,CVE-2007-0612,7.8
204,CVE-2007-0707,6.8
205,CVE-2007-0759,7.5
206,CVE-2007-0798,4.3
207,CVE-2007-0942,9.3
208,CVE-2007-0944,9.3
209,CVE-2007-0945,9.3
210,CVE-2007-0982,4.3
211,CVE-2007-1240,4.3
212,CVE-2007-1241,5.8
213,CVE-2007-1258,6.1
214,CVE-2007-1300,7.8
215,CVE-2007-1321,7.2
216,CVE-2007-1325,7.1
217,CVE-2007-1370,6.2
218,CVE-2007-1542,5.0
219,CVE-2007-1721,10.0
220,CVE-2007-1732,3.5
221,CVE-2007-1765,9.3
222,CVE-2007-1795,10.0
223,CVE-2007-1884,6.8
224,CVE-2007-2101,10.0
225,CVE-2007-2221,9.3
226,CVE-2007-2312,7.5
227,CVE-2007-2362,9.0
228,CVE-2007-2364,7.5
229,CVE-2007-2423,5.8
230,CVE-2007-2508,10.0
231,CVE-2007-2582,10.0
232,CVE-2007-2892,4.3
233,CVE-2007-2905,7.5
234,CVE-2007-3091,7.1
235,CVE-2007-3127,5.0
236,CVE-2007-3217,7.5
237,CVE-2007-3250,7.5
238,CVE-2007-3344,4.3
239,CVE-2007-3356,7.8
240,CVE-2007-3367,7.8
241,CVE-2007-3525,7.8
242,CVE-2007-3543,6.0
243,CVE-2007-3651,4.3
244,CVE-2007-3838,2.6
245,CVE-2007-3839,4.0
246,CVE-2007-3924,9.3
247,CVE-2007-3991,4.3
248,CVE-2007-4011,7.1
249,CVE-2007-4052,4.3
250,CVE-2007-4090,4.3
251,CVE-2007-4146,4.3
252,CVE-2007-4150,10.0
253,CVE-2007-4153,2.1
254,CVE-2007-4186,6.8
255,CVE-2007-4218,10.0
256,CVE-2007-4229,4.3
257,CVE-2007-4275,6.9
258,CVE-2007-4293,7.1
259,CVE-2007-4319,4.0
260,CVE-2007-4375,5.8
261,CVE-2007-4426,5.0
262,CVE-2007-4445,7.5
263,CVE-2007-4447,7.5
264,CVE-2007-4459,7.1
265,CVE-2007-4485,6.8
266,CVE-2007-4529,8.5
267,CVE-2007-4588,4.3
268,CVE-2007-4642,10.0
269,CVE-2007-4648,7.2
270,CVE-2007-4650,6.4
271,CVE-2007-4946,5.0
272,CVE-2007-5129,5.0
273,CVE-2007-5146,6.8
274,CVE-2007-5212,4.3
275,CVE-2007-5318,5.0
276,CVE-2007-5402,6.5
277,CVE-2007-5416,6.8
278,CVE-2007-5589,4.3
279,CVE-2007-5629,4.3
280,CVE-2007-5687,9.3
281,CVE-2007-5824,7.1
282,CVE-2007-5894,9.3
283,CVE-2007-5931,5.0
284,CVE-2007-6082,9.3
285,CVE-2007-6090,4.3
286,CVE-2007-6103,5.0
287,CVE-2007-6191,6.8
288,CVE-2007-6218,5.0
289,CVE-2007-6221,7.8
290,CVE-2007-6306,4.3
291,CVE-2007-6497,7.5
292,CVE-2007-6502,5.5
293,CVE-2007-6510,6.8
294,CVE-2007-6552,6.0
295,CVE-2007-6581,6.4
296,CVE-2007-6626,7.5
297,CVE-2007-6633,4.3
298,CVE-2007-6700,4.3
299,CVE-2007-6755,5.8
300,CVE-2007-6762,9.8
301,CVE-2008-0085,5.0
302,CVE-2008-0094,6.4
303,CVE-2008-0096,7.5
304,CVE-2008-0107,9.0
305,CVE-2008-0124,4.3
306,CVE-2008-0196,5.0
307,CVE-2008-0218,4.3
308,CVE-2008-0383,7.5
309,CVE-2008-0405,10.0
310,CVE-2008-0420,9.3
311,CVE-2008-0451,7.5
312,CVE-2008-0475,5.0
313,CVE-2008-0494,4.3
314,CVE-2008-0504,6.5
315,CVE-2008-0508,6.8
316,CVE-2008-0559,5.0
317,CVE-2008-0700,4.3
318,CVE-2008-0939,7.5
319,CVE-2008-0974,5.0
320,CVE-2008-1035,4.3
321,CVE-2008-1065,7.5
322,CVE-2008-1147,6.8
323,CVE-2008-1168,4.3
324,CVE-2008-1249,9.4
325,CVE-2008-1273,4.3
326,CVE-2008-1289,7.5
327,CVE-2008-1296,4.3
328,CVE-2008-1311,5.0
329,CVE-2008-1326,4.3
330,CVE-2008-1327,7.5
331,CVE-2008-1341,7.5
332,CVE-2008-1355,4.3
333,CVE-2008-1371,3.6
334,CVE-2008-1447,6.8
335,CVE-2008-1481,4.3
336,CVE-2008-1511,7.5
337,CVE-2008-1528,4.0
338,CVE-2008-1621,4.3
339,CVE-2008-1736,7.2
340,CVE-2008-1787,4.3
341,CVE-2008-1816,5.5
342,CVE-2008-1817,9.0
343,CVE-2008-1969,3.5
344,CVE-2008-1988,9.0
345,CVE-2008-2030,4.3
346,CVE-2008-2227,6.8
347,CVE-2008-2280,4.3
348,CVE-2008-2357,6.8
349,CVE-2008-2426,9.3
350,CVE-2008-2725,7.8
351,CVE-2008-2726,7.8
352,CVE-2008-2952,5.0
353,CVE-2008-3058,7.5
354,CVE-2008-3201,4.3
355,CVE-2008-3202,4.3
356,CVE-2008-3243,4.3
357,CVE-2008-3286,5.0
358,CVE-2008-3312,6.8
359,CVE-2008-3341,7.5
360,CVE-2008-3354,7.5
361,CVE-2008-3395,5.0
362,CVE-2008-3559,4.3
363,CVE-2008-3562,5.1
364,CVE-2008-3565,4.3
365,CVE-2008-3566,4.3
366,CVE-2008-3579,7.8
367,CVE-2008-3615,9.3
368,CVE-2008-3668,4.3
369,CVE-2008-3707,7.5
370,CVE-2008-3709,4.3
371,CVE-2008-3722,7.5
372,CVE-2008-3957,9.3
373,CVE-2008-4051,4.3
374,CVE-2008-4056,4.3
375,CVE-2008-4101,9.3
376,CVE-2008-4311,4.6
377,CVE-2008-4424,4.3
378,CVE-2008-4438,4.3
379,CVE-2008-4439,10.0
380,CVE-2008-4560,7.8
381,CVE-2008-4669,4.3
382,CVE-2008-4670,4.3
383,CVE-2008-4672,4.3
384,CVE-2008-4761,4.3
385,CVE-2008-4766,7.5
386,CVE-2008-4768,7.5
387,CVE-2008-4805,4.3
388,CVE-2008-4806,7.5
389,CVE-2008-4807,2.1
390,CVE-2008-4808,5.0
391,CVE-2008-4809,10.0
392,CVE-2008-4810,7.5
393,CVE-2008-4813,9.3
394,CVE-2008-4927,4.3
395,CVE-2008-4996,6.9
396,CVE-2008-5005,10.0
397,CVE-2008-5057,7.5
398,CVE-2008-5060,10.0
399,CVE-2008-5172,4.3
400,CVE-2008-5177,10.0
401,CVE-2008-5232,9.3
402,CVE-2008-5274,5.0
403,CVE-2008-5424,4.3
404,CVE-2008-5425,4.3
405,CVE-2008-5426,4.3
406,CVE-2008-5427,4.3
407,CVE-2008-5428,4.3
408,CVE-2008-5429,4.3
409,CVE-2008-5430,4.3
410,CVE-2008-6066,7.5
411,CVE-2008-6075,7.5
412,CVE-2008-6100,6.8
413,CVE-2008-6196,7.5
414,CVE-2008-6203,7.5
415,CVE-2008-6205,4.3
416,CVE-2008-6206,7.5
417,CVE-2008-6208,4.3
418,CVE-2008-6211,4.3
419,CVE-2008-6212,4.3
420,CVE-2008-6217,4.3
421,CVE-2008-6300,7.5
422,CVE-2008-6442,5.8
423,CVE-2008-6478,6.8
424,CVE-2008-6491,7.5
425,CVE-2008-6550,4.3
426,CVE-2008-6573,6.8
427,CVE-2008-6596,7.5
428,CVE-2008-6597,4.3
429,CVE-2008-6615,7.5
430,CVE-2008-6616,4.3
431,CVE-2008-6640,7.5
432,CVE-2008-6802,7.5
433,CVE-2008-6837,7.5
434,CVE-2008-6838,4.3
435,CVE-2008-6839,4.3
436,CVE-2008-7078,9.0
437,CVE-2008-7132,4.3
438,CVE-2008-7133,4.3
439,CVE-2008-7139,6.8
440,CVE-2008-7140,4.3
441,CVE-2008-7141,4.3
442,CVE-2009-0038,4.3
443,CVE-2009-0053,4.3
444,CVE-2009-0054,4.3
445,CVE-2009-0055,6.8
446,CVE-2009-0056,6.8
447,CVE-2009-0087,9.3
448,CVE-2009-0100,9.3
449,CVE-2009-0550,9.3
450,CVE-2009-0557,9.3
451,CVE-2009-0560,9.3
452,CVE-2009-0561,9.3
453,CVE-2009-0563,9.3
454,CVE-2009-0565,9.3
455,CVE-2009-0732,5.0
456,CVE-2009-0849,7.5
457,CVE-2009-0901,9.3
458,CVE-2009-1134,9.3
459,CVE-2009-1304,5.0
460,CVE-2009-1460,4.6
461,CVE-2009-1467,4.3
462,CVE-2009-1481,7.5
463,CVE-2009-1553,4.3
464,CVE-2009-1557,4.3
465,CVE-2009-1782,6.8
466,CVE-2009-1785,4.3
467,CVE-2009-1833,9.3
468,CVE-2009-1917,9.3
469,CVE-2009-1918,10.0
470,CVE-2009-1919,9.3
471,CVE-2009-1928,7.8
472,CVE-2009-1929,9.3
473,CVE-2009-2052,7.8
474,CVE-2009-2145,4.3
475,CVE-2009-2160,5.0
476,CVE-2009-2359,7.5
477,CVE-2009-2412,10.0
478,CVE-2009-2428,7.5
479,CVE-2009-2429,4.6
480,CVE-2009-2439,7.5
481,CVE-2009-2493,9.3
482,CVE-2009-2499,8.5
483,CVE-2009-2631,6.8
484,CVE-2009-2688,10.0
485,CVE-2009-3017,4.3
486,CVE-2009-3192,4.3
487,CVE-2009-3803,4.3
488,CVE-2009-3817,7.5
489,CVE-2009-3849,10.0
490,CVE-2009-4083,4.3
491,CVE-2009-4088,6.8
492,CVE-2009-4115,6.5
493,CVE-2009-4249,2.6
494,CVE-2009-4385,6.8
495,CVE-2009-4433,4.3
496,CVE-2009-4537,7.8
497,CVE-2009-4908,4.3
498,CVE-2009-4939,4.3
499,CVE-2009-4943,5.0
500,CVE-2009-5155,7.5
501,CVE-2010-0018,9.3
502,CVE-2010-0108,10.0
503,CVE-2010-0149,7.8
504,CVE-2010-0150,7.8
505,CVE-2010-0152,4.3
506,CVE-2010-0249,9.3
507,CVE-2010-0440,4.3
508,CVE-2010-0567,5.0
509,CVE-2010-0568,7.1
510,CVE-2010-0569,7.8
511,CVE-2010-0685,5.0
512,CVE-2010-0816,9.3
513,CVE-2010-0820,9.0
514,CVE-2010-0988,6.0
515,CVE-2010-1217,4.3
516,CVE-2010-1263,9.3
517,CVE-2010-1326,9.3
518,CVE-2010-1425,5.0
519,CVE-2010-1433,9.8
520,CVE-2010-1516,9.3
521,CVE-2010-1517,10.0
522,CVE-2010-1591,7.2
523,CVE-2010-1879,9.3
524,CVE-2010-1900,9.3
525,CVE-2010-1901,9.3
526,CVE-2010-1902,9.3
527,CVE-2010-1916,7.5
528,CVE-2010-1940,4.3
529,CVE-2010-2094,6.8
530,CVE-2010-2281,4.3
531,CVE-2010-2317,7.5
532,CVE-2010-2525,7.8
533,CVE-2010-2545,4.3
534,CVE-2010-2939,4.3
535,CVE-2010-3023,4.3
536,CVE-2010-3025,4.3
537,CVE-2010-3062,5.0
538,CVE-2010-4168,5.0
539,CVE-2010-4466,5.0
540,CVE-2010-4696,7.5
541,CVE-2010-4712,10.0
542,CVE-2010-4752,6.8
543,CVE-2010-4818,8.5
544,CVE-2010-5231,6.9
545,CVE-2010-5232,6.9
546,CVE-2010-5282,4.3
547,CVE-2010-5305,9.8
548,CVE-2010-5331,7.8
549,CVE-2010-5332,5.6
550,CVE-2011-0340,9.3
551,CVE-2011-0379,7.9
552,CVE-2011-0394,7.8
553,CVE-2011-0533,4.3
554,CVE-2011-0745,4.0
555,CVE-2011-0775,5.0
556,CVE-2011-1546,7.5
557,CVE-2011-2710,4.3
558,CVE-2011-2730,7.5
559,CVE-2011-2942,6.8
560,CVE-2011-3010,4.3
561,CVE-2011-3209,4.9
562,CVE-2011-3211,9.3
563,CVE-2011-3598,4.3
564,CVE-2011-3645,7.5
565,CVE-2011-3838,7.5
566,CVE-2011-4340,3.5
567,CVE-2011-4805,4.3
568,CVE-2011-4814,4.3
569,CVE-2011-4898,5.0
570,CVE-2011-4899,7.5
571,CVE-2011-5111,7.5
572,CVE-2011-5177,4.3
573,CVE-2011-5258,4.3
574,CVE-2011-5327,9.8
575,CVE-2012-0035,9.3
576,CVE-2012-0039,5.0
577,CVE-2012-0782,4.3
578,CVE-2012-0829,6.0
579,CVE-2012-0991,3.5
580,CVE-2012-1788,4.3
581,CVE-2012-1845,9.3
582,CVE-2012-1846,10.0
583,CVE-2012-1854,6.9
584,CVE-2012-1987,3.5
585,CVE-2012-2936,4.3
586,CVE-2012-3949,7.8
587,CVE-2012-4024,6.8
588,CVE-2012-4237,6.8
589,CVE-2012-4238,2.1
590,CVE-2012-4246,4.3
591,CVE-2012-4247,4.3
592,CVE-2012-4771,4.3
593,CVE-2012-4891,4.3
594,CVE-2012-5167,7.5
595,CVE-2012-5676,10.0
596,CVE-2012-5677,10.0
597,CVE-2012-5678,10.0
598,CVE-2012-5893,6.8
599,CVE-2012-6529,7.5
600,CVE-2012-6610,8.8
601,CVE-2012-6711,7.8
602,CVE-2013-0232,7.5
603,CVE-2013-0339,6.8
604,CVE-2013-0340,6.8
605,CVE-2013-1359,9.8
606,CVE-2013-1599,9.8
607,CVE-2013-1636,4.3
608,CVE-2013-1656,4.3
609,CVE-2013-1806,6.5
610,CVE-2013-3213,7.5
611,CVE-2013-3343,10.0
612,CVE-2013-3444,9.0
613,CVE-2013-3664,9.3
614,CVE-2013-3956,7.2
615,CVE-2013-4099,10.0
616,CVE-2013-4174,4.3
617,CVE-2013-4550,5.1
618,CVE-2013-4669,5.4
619,CVE-2013-4783,10.0
620,CVE-2013-4785,10.0
621,CVE-2013-6078,5.8
622,CVE-2013-7189,7.5
623,CVE-2013-7190,5.0
624,CVE-2013-7234,4.3
625,CVE-2013-7235,7.5
626,CVE-2014-0064,6.5
627,CVE-2014-0085,2.1
628,CVE-2014-1607,4.3
629,CVE-2014-3248,6.2
630,CVE-2014-4736,7.5
631,CVE-2014-5086,8.8
632,CVE-2014-5209,5.3
633,CVE-2014-5361,6.8
634,CVE-2014-5362,7.2
635,CVE-2014-6195,1.9
636,CVE-2014-6271,9.8
637,CVE-2014-7252,4.6
638,CVE-2014-8170,8.8
639,CVE-2014-9390,9.8
640,CVE-2014-9580,4.3
641,CVE-2014-9939,9.8
642,CVE-2015-1310,7.5
643,CVE-2015-1311,10.0
644,CVE-2015-1312,7.5
645,CVE-2015-1314,2.1
646,CVE-2015-1574,5.0
647,CVE-2015-2927,6.5
648,CVE-2015-4091,7.5
649,CVE-2015-4092,7.5
650,CVE-2015-4684,6.5
651,CVE-2015-4950,4.0
652,CVE-2015-6108,9.3
653,CVE-2015-6557,2.1
654,CVE-2015-7387,7.5
655,CVE-2015-7404,1.9
656,CVE-2015-8024,9.3
657,CVE-2015-8330,7.8
658,CVE-2015-9107,9.8
659,CVE-2015-9290,9.8
660,CVE-2016-0145,8.8
661,CVE-2016-0270,5.9
662,CVE-2016-0796,7.5
663,CVE-2016-0887,5.9
664,CVE-2016-10142,8.6
665,CVE-2016-10246,5.5
666,CVE-2016-10247,5.5
667,CVE-2016-10708,7.5
668,CVE-2016-10764,9.8
669,CVE-2016-10905,7.8
670,CVE-2016-10906,7.0
671,CVE-2016-10907,7.8
672,CVE-2016-1234,7.5
673,CVE-2016-1926,6.1
674,CVE-2016-2166,6.5
675,CVE-2016-2274,6.1
676,CVE-2016-3209,5.5
677,CVE-2016-3237,7.5
678,CVE-2016-3262,5.5
679,CVE-2016-3263,5.5
680,CVE-2016-3270,7.8
681,CVE-2016-3301,7.8
682,CVE-2016-3308,7.8
683,CVE-2016-3309,7.8
684,CVE-2016-3310,7.8
685,CVE-2016-3311,7.8
686,CVE-2016-3393,7.8
687,CVE-2016-3396,7.8
688,CVE-2016-3968,6.1
689,CVE-2016-4350,9.8
690,CVE-2016-5387,8.1
691,CVE-2016-5388,8.1
692,CVE-2016-5819,6.1
693,CVE-2016-6465,4.3
694,CVE-2016-6852,4.3
695,CVE-2016-6920,7.5
696,CVE-2016-7182,9.8
697,CVE-2016-7844,5.5
698,CVE-2016-7845,6.5
699,CVE-2016-7919,7.5
700,CVE-2016-9223,9.8
701,CVE-2017-0001,7.8
702,CVE-2017-0005,7.0
703,CVE-2017-0014,7.5
704,CVE-2017-0016,5.9
705,CVE-2017-0022,4.3
706,CVE-2017-0023,7.5
707,CVE-2017-0025,7.8
708,CVE-2017-0042,3.1
709,CVE-2017-0047,7.8
710,CVE-2017-0050,7.8
711,CVE-2017-0055,6.1
712,CVE-2017-0056,7.8
713,CVE-2017-0057,4.3
714,CVE-2017-0060,4.7
715,CVE-2017-0062,4.7
716,CVE-2017-0063,6.5
717,CVE-2017-0073,4.3
718,CVE-2017-0074,5.4
719,CVE-2017-0075,7.6
720,CVE-2017-0076,5.4
721,CVE-2017-0078,7.8
722,CVE-2017-0079,7.8
723,CVE-2017-0081,7.8
724,CVE-2017-0096,2.6
725,CVE-2017-0097,5.4
726,CVE-2017-0098,5.4
727,CVE-2017-0099,5.4
728,CVE-2017-0100,7.8
729,CVE-2017-0101,7.8
730,CVE-2017-0102,7.8
731,CVE-2017-0109,7.6
732,CVE-2017-0143,8.1
733,CVE-2017-0144,8.1
734,CVE-2017-0145,8.1
735,CVE-2017-0146,8.1
736,CVE-2017-0147,5.9
737,CVE-2017-0148,8.1
738,CVE-2017-0155,7.0
739,CVE-2017-0192,4.3
740,CVE-2017-0371,7.5
741,CVE-2017-10004,6.7
742,CVE-2017-10974,7.5
743,CVE-2017-11103,8.1
744,CVE-2017-11132,7.5
745,CVE-2017-11344,7.8
746,CVE-2017-11495,9.8
747,CVE-2017-11564,8.8
748,CVE-2017-12319,5.9
749,CVE-2017-12574,9.8
750,CVE-2017-12581,8.1
751,CVE-2017-12596,7.8
752,CVE-2017-12725,5.6
753,CVE-2017-12836,7.5
754,CVE-2017-13776,6.5
755,CVE-2017-13777,6.5
756,CVE-2017-13999,9.8
757,CVE-2017-14012,4.6
758,CVE-2017-14014,4.6
759,CVE-2017-14315,7.5
760,CVE-2017-14507,9.8
761,CVE-2017-14604,6.5
762,CVE-2017-14685,7.8
763,CVE-2017-14686,7.8
764,CVE-2017-14687,7.8
765,CVE-2017-14729,7.8
766,CVE-2017-14735,6.1
767,CVE-2017-14943,7.5
768,CVE-2017-14994,6.5
769,CVE-2017-1500,6.1
770,CVE-2017-15012,8.8
771,CVE-2017-15272,5.3
772,CVE-2017-15298,5.5
773,CVE-2017-15302,7.8
774,CVE-2017-15377,7.5
775,CVE-2017-15686,6.1
776,CVE-2017-15936,5.4
777,CVE-2017-16151,9.8
778,CVE-2017-16241,7.5
779,CVE-2017-16352,8.8
780,CVE-2017-16353,6.5
781,CVE-2017-16893,6.5
782,CVE-2017-16959,6.5
783,CVE-2017-17023,8.1
784,CVE-2017-17058,7.5
785,CVE-2017-17098,9.8
786,CVE-2017-17518,8.8
787,CVE-2017-17746,6.8
788,CVE-2017-18212,9.8
789,CVE-2017-18359,7.5
790,CVE-2017-18379,9.8
791,CVE-2017-18509,7.8
792,CVE-2017-18551,6.7
793,CVE-2017-18552,7.8
794,CVE-2017-20033,6.1
795,CVE-2017-3808,7.5
796,CVE-2017-3850,5.9
797,CVE-2017-3881,9.8
798,CVE-2017-5176,7.0
799,CVE-2017-5218,8.8
800,CVE-2017-5344,9.8
801,CVE-2017-5544,5.9
802,CVE-2017-5556,8.1
803,CVE-2017-5589,5.9
804,CVE-2017-5606,5.9
805,CVE-2017-5675,8.8
806,CVE-2017-5851,5.5
807,CVE-2017-5887,7.5
808,CVE-2017-6021,7.5
809,CVE-2017-6295,8.4
810,CVE-2017-6306,7.8
811,CVE-2017-6320,8.8
812,CVE-2017-6394,6.1
813,CVE-2017-6465,9.8
814,CVE-2017-6780,7.5
815,CVE-2017-6883,4.7
816,CVE-2017-7240,7.5
817,CVE-2017-7264,7.8
818,CVE-2017-7305,4.6
819,CVE-2017-7306,6.4
820,CVE-2017-7574,9.8
821,CVE-2017-7614,9.8
822,CVE-2017-7725,6.1
823,CVE-2017-7981,8.8
824,CVE-2017-8176,7.5
825,CVE-2017-8338,7.5
826,CVE-2017-8676,3.3
827,CVE-2017-8695,5.3
828,CVE-2017-8696,7.5
829,CVE-2017-8899,8.1
830,CVE-2017-9041,5.5
831,CVE-2017-9135,8.8
832,CVE-2017-9463,6.5
833,CVE-2017-9476,6.5
834,CVE-2017-9491,5.3
835,CVE-2017-9492,7.5
836,CVE-2017-9521,9.8
837,CVE-2017-9828,9.8
838,CVE-2017-9829,7.5
839,CVE-2017-9852,9.8
840,CVE-2017-9855,9.8
841,CVE-2018-0116,7.2
842,CVE-2018-0164,8.6
843,CVE-2018-0165,7.4
844,CVE-2018-0270,8.8
845,CVE-2018-0468,7.8
846,CVE-2018-10001,6.5
847,CVE-2018-10006,N/A
848,CVE-2018-10008,N/A
849,CVE-2018-10103,9.8
850,CVE-2018-10105,9.8
851,CVE-2018-10527,5.4
852,CVE-2018-10682,9.8
853,CVE-2018-10799,6.5
854,CVE-2018-10990,8.0
855,CVE-2018-11236,9.8
856,CVE-2018-1136,4.3
857,CVE-2018-11518,8.1
858,CVE-2018-11555,7.8
859,CVE-2018-11556,7.8
860,CVE-2018-11567,3.3
861,CVE-2018-1199,5.3
862,CVE-2018-12025,7.5
863,CVE-2018-13114,9.8
864,CVE-2018-13313,6.5
865,CVE-2018-1336,7.5
866,CVE-2018-13420,7.5
867,CVE-2018-14421,8.8
868,CVE-2018-14468,7.5
869,CVE-2018-14608,7.5
870,CVE-2018-14824,6.5
871,CVE-2018-14879,7.0
872,CVE-2018-14880,7.5
873,CVE-2018-14980,7.1
874,CVE-2018-14983,5.5
875,CVE-2018-14990,7.5
876,CVE-2018-14991,9.8
877,CVE-2018-14995,4.7
878,CVE-2018-14997,5.5
879,CVE-2018-15469,6.5
880,CVE-2018-15909,7.8
881,CVE-2018-15910,7.8
882,CVE-2018-15911,7.8
883,CVE-2018-16513,7.8
884,CVE-2018-16618,9.8
885,CVE-2018-16890,7.5
886,CVE-2018-16983,9.8
887,CVE-2018-17141,9.8
888,CVE-2018-17244,6.5
889,CVE-2018-17972,5.5
890,CVE-2018-19290,9.8
891,CVE-2018-19439,6.1
892,CVE-2018-19595,9.8
893,CVE-2018-19658,5.4
894,CVE-2018-19954,6.1
895,CVE-2018-19955,6.1
896,CVE-2018-19956,6.1
897,CVE-2018-19990,9.8
898,CVE-2018-20061,7.5
899,CVE-2018-20735,7.8
900,CVE-2018-20796,7.5
901,CVE-2018-20854,7.8
902,CVE-2018-20856,7.8
903,CVE-2018-20958,6.5
904,CVE-2018-20961,9.8
905,CVE-2018-20976,7.8
906,CVE-2018-21015,6.5
907,CVE-2018-2415,4.7
908,CVE-2018-2433,7.5
909,CVE-2018-2441,5.5
910,CVE-2018-25004,4.9
911,CVE-2018-5282,7.8
912,CVE-2018-5303,5.4
913,CVE-2018-5328,9.8
914,CVE-2018-5391,7.5
915,CVE-2018-5407,4.7
916,CVE-2018-5770,9.8
917,CVE-2018-6393,7.2
918,CVE-2018-6447,5.4
919,CVE-2018-6544,5.5
920,CVE-2018-6831,7.2
921,CVE-2018-7119,7.0
922,CVE-2018-7304,8.8
923,CVE-2018-7573,9.8
924,CVE-2018-7827,5.4
925,CVE-2018-8010,5.5
926,CVE-2018-8039,8.1
927,CVE-2018-8838,6.5
928,CVE-2018-8839,7.8
929,CVE-2018-8865,9.8
930,CVE-2018-8869,9.8
931,CVE-2018-8908,8.8
932,CVE-2018-8937,6.1
933,CVE-2018-9032,9.8
934,CVE-2018-9195,5.9
935,CVE-2018-9282,6.1
936,CVE-2018-9861,6.1
937,CVE-2019-0059,7.5
938,CVE-2019-0071,7.8
939,CVE-2019-0072,5.5
940,CVE-2019-0123,7.8
941,CVE-2019-0124,7.8
942,CVE-2019-0139,6.7
943,CVE-2019-0151,6.7
944,CVE-2019-0152,6.7
945,CVE-2019-0168,4.4
946,CVE-2019-0169,8.8
947,CVE-2019-0224,6.1
948,CVE-2019-0248,5.9
949,CVE-2019-0280,8.8
950,CVE-2019-0316,4.8
951,CVE-2019-0356,4.3
952,CVE-2019-0380,4.9
953,CVE-2019-0382,5.4
954,CVE-2019-0399,6.5
955,CVE-2019-1000,5.3
956,CVE-2019-10100,9.8
957,CVE-2019-10101,8.1
958,CVE-2019-10102,8.1
959,CVE-2019-10127,8.8
960,CVE-2019-10128,7.8
961,CVE-2019-10130,4.3
962,CVE-2019-10197,9.1
963,CVE-2019-10665,9.8
964,CVE-2019-10955,6.1
965,CVE-2019-10957,4.8
966,CVE-2019-10970,9.8
967,CVE-2019-10980,7.8
968,CVE-2019-10994,3.3
969,CVE-2019-11030,9.8
970,CVE-2019-11043,9.8
971,CVE-2019-11046,5.3
972,CVE-2019-11087,6.7
973,CVE-2019-11097,7.8
974,CVE-2019-11101,4.4
975,CVE-2019-11102,4.4
976,CVE-2019-11104,7.8
977,CVE-2019-11106,6.7
978,CVE-2019-11109,4.4
979,CVE-2019-11110,6.7
980,CVE-2019-11136,6.7
981,CVE-2019-11137,8.2
982,CVE-2019-11139,6.0
983,CVE-2019-11151,7.8
984,CVE-2019-11157,6.7
985,CVE-2019-11165,5.5
986,CVE-2019-11168,9.1
987,CVE-2019-11184,4.8
988,CVE-2019-11193,8.8
989,CVE-2019-11204,8.8
990,CVE-2019-11211,9.9
991,CVE-2019-11231,9.8
992,CVE-2019-11331,8.1
993,CVE-2019-11628,6.5
994,CVE-2019-11653,5.4
995,CVE-2019-12102,9.1
996,CVE-2019-12255,9.8
997,CVE-2019-12256,9.8
998,CVE-2019-12295,7.5
999,CVE-2019-12327,9.8
1000,CVE-2019-12401,7.5
1001,CVE-2019-12409,9.8
1002,CVE-2019-12418,7.0
1003,CVE-2019-12454,7.8
1004,CVE-2019-12456,7.8
1005,CVE-2019-12463,8.8
1006,CVE-2019-12578,7.8
1007,CVE-2019-12614,4.1
1008,CVE-2019-12615,7.5
1009,CVE-2019-12735,8.6
1010,CVE-2019-12802,7.8
1011,CVE-2019-12817,7.0
1012,CVE-2019-13012,7.5
1013,CVE-2019-13050,7.5
1014,CVE-2019-13098,6.5
1015,CVE-2019-13114,6.5
1016,CVE-2019-13115,8.1
1017,CVE-2019-13135,8.8
1018,CVE-2019-13136,7.8
1019,CVE-2019-13232,3.3
1020,CVE-2019-13233,7.0
1021,CVE-2019-13272,7.8
1022,CVE-2019-13290,7.8
1023,CVE-2019-13455,9.8
1024,CVE-2019-13484,9.8
1025,CVE-2019-13486,9.8
1026,CVE-2019-13531,4.6
1027,CVE-2019-13535,4.6
1028,CVE-2019-13549,7.5
1029,CVE-2019-13553,9.8
1030,CVE-2019-13956,9.8
1031,CVE-2019-14242,6.7
1032,CVE-2019-14287,8.8
1033,CVE-2019-14378,8.8
1034,CVE-2019-14517,6.1
1035,CVE-2019-14565,7.8
1036,CVE-2019-14566,7.8
1037,CVE-2019-14568,7.8
1038,CVE-2019-14748,5.4
1039,CVE-2019-14852,7.5
1040,CVE-2019-14931,9.8
1041,CVE-2019-15062,8.0
1042,CVE-2019-15098,4.6
1043,CVE-2019-15099,7.5
1044,CVE-2019-15117,7.8
1045,CVE-2019-15163,7.5
1046,CVE-2019-15292,9.8
1047,CVE-2019-15504,9.8
1048,CVE-2019-15505,9.8
1049,CVE-2019-15538,7.5
1050,CVE-2019-15666,4.4
1051,CVE-2019-15807,4.7
1052,CVE-2019-15903,7.5
1053,CVE-2019-15916,7.5
1054,CVE-2019-15920,4.3
1055,CVE-2019-15926,9.1
1056,CVE-2019-15949,8.8
1057,CVE-2019-15954,9.9
1058,CVE-2019-15989,8.6
1059,CVE-2019-16018,6.5
1060,CVE-2019-16056,7.5
1061,CVE-2019-16089,4.1
1062,CVE-2019-1619,9.8
1063,CVE-2019-1620,9.8
1064,CVE-2019-16200,7.5
1065,CVE-2019-1621,7.5
1066,CVE-2019-1622,5.3
1067,CVE-2019-16240,9.1
1068,CVE-2019-16311,8.8
1069,CVE-2019-16413,7.5
1070,CVE-2019-1649,6.7
1071,CVE-2019-16714,7.5
1072,CVE-2019-16863,5.9
1073,CVE-2019-16925,6.1
1074,CVE-2019-16926,6.1
1075,CVE-2019-16948,9.8
1076,CVE-2019-17005,8.8
1077,CVE-2019-17009,7.8
1078,CVE-2019-1716,9.8
1079,CVE-2019-17191,7.5
1080,CVE-2019-17560,9.1
1081,CVE-2019-17570,9.8
1082,CVE-2019-1763,7.5
1083,CVE-2019-1764,8.8
1084,CVE-2019-1765,6.5
1085,CVE-2019-1804,9.8
1086,CVE-2019-18196,6.7
1087,CVE-2019-18248,4.3
1088,CVE-2019-18265,5.4
1089,CVE-2019-18396,7.2
1090,CVE-2019-18408,7.5
1091,CVE-2019-18421,7.5
1092,CVE-2019-1845,8.6
1093,CVE-2019-18573,8.8
1094,CVE-2019-18576,6.7
1095,CVE-2019-18581,7.2
1096,CVE-2019-1859,7.2
1097,CVE-2019-1860,5.9
1098,CVE-2019-18634,7.8
1099,CVE-2019-18644,5.9
1100,CVE-2019-18659,5.3
1101,CVE-2019-18661,7.5
1102,CVE-2019-18676,7.5
1103,CVE-2019-18790,6.5
1104,CVE-2019-18814,9.8
1105,CVE-2019-18857,7.5
1106,CVE-2019-18914,6.1
1107,CVE-2019-18996,7.8
1108,CVE-2019-1901,8.8
1109,CVE-2019-1915,6.5
1110,CVE-2019-1968,7.5
1111,CVE-2019-19854,8.8
1112,CVE-2019-19922,5.5
1113,CVE-2019-20041,9.8
1114,CVE-2019-20050,6.8
1115,CVE-2019-20529,7.5
1116,CVE-2019-2221,7.8
1117,CVE-2019-25003,7.5
1118,CVE-2019-25056,5.3
1119,CVE-2019-2602,7.5
1120,CVE-2019-2730,2.7
1121,CVE-2019-2731,5.4
1122,CVE-2019-2737,4.9
1123,CVE-2019-2738,3.1
1124,CVE-2019-2739,5.1
1125,CVE-2019-2740,6.5
1126,CVE-2019-2741,5.3
1127,CVE-2019-2743,5.3
1128,CVE-2019-2746,6.5
1129,CVE-2019-2747,4.9
1130,CVE-2019-2752,4.9
1131,CVE-2019-2755,4.9
1132,CVE-2019-2757,4.9
1133,CVE-2019-2758,5.5
1134,CVE-2019-2762,5.3
1135,CVE-2019-2766,3.1
1136,CVE-2019-2769,5.3
1137,CVE-2019-2774,4.9
1138,CVE-2019-2778,5.4
1139,CVE-2019-2780,4.9
1140,CVE-2019-2784,4.9
1141,CVE-2019-2785,4.9
1142,CVE-2019-2786,3.4
1143,CVE-2019-2789,2.7
1144,CVE-2019-2791,3.8
1145,CVE-2019-2795,6.5
1146,CVE-2019-2796,4.9
1147,CVE-2019-2797,4.2
1148,CVE-2019-2798,4.9
1149,CVE-2019-2800,7.1
1150,CVE-2019-2801,4.9
1151,CVE-2019-2802,4.9
1152,CVE-2019-2803,4.9
1153,CVE-2019-2805,6.5
1154,CVE-2019-2808,4.9
1155,CVE-2019-2810,4.9
1156,CVE-2019-2811,4.9
1157,CVE-2019-2812,6.5
1158,CVE-2019-2814,2.2
1159,CVE-2019-2815,4.9
1160,CVE-2019-2816,4.8
1161,CVE-2019-2819,5.5
1162,CVE-2019-2822,7.5
1163,CVE-2019-2826,4.9
1164,CVE-2019-2830,4.9
1165,CVE-2019-2834,6.5
1166,CVE-2019-2894,3.7
1167,CVE-2019-2933,3.1
1168,CVE-2019-2945,3.1
1169,CVE-2019-2958,5.9
1170,CVE-2019-2962,3.7
1171,CVE-2019-2964,3.7
1172,CVE-2019-2973,3.7
1173,CVE-2019-2975,4.8
1174,CVE-2019-2978,3.7
1175,CVE-2019-2981,3.7
1176,CVE-2019-2983,3.7
1177,CVE-2019-2988,3.7
1178,CVE-2019-2989,6.8
1179,CVE-2019-2992,3.7
1180,CVE-2019-2996,4.2
1181,CVE-2019-3741,7.8
1182,CVE-2019-3751,7.4
1183,CVE-2019-3822,9.8
1184,CVE-2019-5009,7.2
1185,CVE-2019-5277,7.5
1186,CVE-2019-6494,6.5
1187,CVE-2019-6643,7.5
1188,CVE-2019-6645,7.5
1189,CVE-2019-6648,4.4
1190,CVE-2019-6651,5.3
1191,CVE-2019-6652,6.5
1192,CVE-2019-6653,5.4
1193,CVE-2019-6655,5.3
1194,CVE-2019-6656,7.5
1195,CVE-2019-6833,6.5
1196,CVE-2019-6974,8.1
1197,CVE-2019-7212,8.2
1198,CVE-2019-7219,6.1
1199,CVE-2019-7303,7.5
1200,CVE-2019-7308,5.6
1201,CVE-2019-7402,6.1
1202,CVE-2019-7628,5.9
1203,CVE-2019-7669,8.8
1204,CVE-2019-7671,9.0
1205,CVE-2019-7693,6.1
1206,CVE-2019-8537,5.5
1207,CVE-2019-8550,4.3
1208,CVE-2019-8634,8.8
1209,CVE-2019-8730,3.3
1210,CVE-2019-9039,9.8
1211,CVE-2019-9192,7.5
1212,CVE-2019-9212,9.8
1213,CVE-2019-9512,7.5
1214,CVE-2019-9514,7.5
1215,CVE-2019-9515,7.5
1216,CVE-2019-9516,6.5
1217,CVE-2019-9518,7.5
1218,CVE-2019-9565,9.1
1219,CVE-2019-9836,5.3
1220,CVE-2019-9847,7.8
1221,CVE-2019-9853,7.8
1222,CVE-2020-0017,4.4
1223,CVE-2020-10184,7.5
1224,CVE-2020-10185,8.6
1225,CVE-2020-10262,6.8
1226,CVE-2020-10263,6.8
1227,CVE-2020-10727,5.5
1228,CVE-2020-10773,4.4
1229,CVE-2020-11008,7.5
1230,CVE-2020-11013,5.0
1231,CVE-2020-11094,9.8
1232,CVE-2020-11515,6.1
1233,CVE-2020-11622,7.5
1234,CVE-2020-12006,9.8
1235,CVE-2020-12010,7.1
1236,CVE-2020-12017,9.8
1237,CVE-2020-12026,8.8
1238,CVE-2020-12029,7.8
1239,CVE-2020-12031,7.8
1240,CVE-2020-12058,6.1
1241,CVE-2020-12419,8.8
1242,CVE-2020-12423,7.8
1243,CVE-2020-12424,6.5
1244,CVE-2020-12801,5.3
1245,CVE-2020-12851,8.1
1246,CVE-2020-1296,5.5
1247,CVE-2020-12966,5.5
1248,CVE-2020-13443,8.8
1249,CVE-2020-13523,3.3
1250,CVE-2020-13545,7.8
1251,CVE-2020-13547,8.8
1252,CVE-2020-13557,8.8
1253,CVE-2020-13560,8.8
1254,CVE-2020-13570,8.8
1255,CVE-2020-13579,7.8
1256,CVE-2020-13580,7.8
1257,CVE-2020-13925,9.8
1258,CVE-2020-13926,9.8
1259,CVE-2020-13932,6.1
1260,CVE-2020-13948,8.8
1261,CVE-2020-13952,8.1
1262,CVE-2020-14018,6.1
1263,CVE-2020-14305,8.1
1264,CVE-2020-14315,9.8
1265,CVE-2020-14331,6.6
1266,CVE-2020-14381,7.8
1267,CVE-2020-14382,7.8
1268,CVE-2020-14481,7.8
1269,CVE-2020-14484,9.8
1270,CVE-2020-14492,6.1
1271,CVE-2020-14556,4.8
1272,CVE-2020-14577,3.7
1273,CVE-2020-14578,3.7
1274,CVE-2020-14579,3.7
1275,CVE-2020-14581,3.7
1276,CVE-2020-14583,8.3
1277,CVE-2020-1459,5.5
1278,CVE-2020-14593,7.4
1279,CVE-2020-14617,5.7
1280,CVE-2020-14621,5.3
1281,CVE-2020-14744,6.5
1282,CVE-2020-14745,4.3
1283,CVE-2020-14779,3.7
1284,CVE-2020-14781,3.7
1285,CVE-2020-14782,3.7
1286,CVE-2020-14792,4.2
1287,CVE-2020-14796,3.1
1288,CVE-2020-14797,3.7
1289,CVE-2020-14798,3.1
1290,CVE-2020-15118,5.4
1291,CVE-2020-15128,6.3
1292,CVE-2020-15137,5.9
1293,CVE-2020-15239,3.5
1294,CVE-2020-15240,9.1
1295,CVE-2020-15257,5.2
1296,CVE-2020-15369,8.8
1297,CVE-2020-15377,9.8
1298,CVE-2020-15567,7.8
1299,CVE-2020-15788,6.1
1300,CVE-2020-15900,9.8
1301,CVE-2020-16125,6.8
1302,CVE-2020-16137,9.8
1303,CVE-2020-16138,7.5
1304,CVE-2020-16139,7.5
1305,CVE-2020-16288,5.5
1306,CVE-2020-16290,5.5
1307,CVE-2020-16291,5.5
1308,CVE-2020-16295,5.5
1309,CVE-2020-16600,7.8
1310,CVE-2020-1733,5.0
1311,CVE-2020-17437,8.2
1312,CVE-2020-1773,8.1
1313,CVE-2020-1793,4.6
1314,CVE-2020-1794,4.6
1315,CVE-2020-1795,2.4
1316,CVE-2020-1796,6.6
1317,CVE-2020-1801,5.5
1318,CVE-2020-1862,3.3
1319,CVE-2020-19609,5.5
1320,CVE-2020-1987,3.3
1321,CVE-2020-1988,6.7
1322,CVE-2020-1989,7.8
1323,CVE-2020-1990,7.2
1324,CVE-2020-1991,7.1
1325,CVE-2020-1992,9.8
1326,CVE-2020-1997,6.1
1327,CVE-2020-2006,8.8
1328,CVE-2020-2008,7.2
1329,CVE-2020-2030,7.2
1330,CVE-2020-2032,7.0
1331,CVE-2020-2033,5.3
1332,CVE-2020-2049,7.8
1333,CVE-2020-2075,7.5
1334,CVE-2020-24054,9.8
1335,CVE-2020-24416,6.1
1336,CVE-2020-24458,5.2
1337,CVE-2020-25015,6.5
1338,CVE-2020-25017,8.3
1339,CVE-2020-25168,3.3
1340,CVE-2020-25183,8.8
1341,CVE-2020-25198,8.8
1342,CVE-2020-25566,9.8
1343,CVE-2020-25595,7.8
1344,CVE-2020-25597,6.5
1345,CVE-2020-25603,7.8
1346,CVE-2020-25634,5.4
1347,CVE-2020-25709,7.5
1348,CVE-2020-25752,5.3
1349,CVE-2020-25790,7.2
1350,CVE-2020-25802,7.2
1351,CVE-2020-25803,7.2
1352,CVE-2020-2583,3.7
1353,CVE-2020-25843,9.8
1354,CVE-2020-25844,9.8
1355,CVE-2020-25845,7.4
1356,CVE-2020-25849,8.8
1357,CVE-2020-2590,3.7
1358,CVE-2020-2593,4.8
1359,CVE-2020-25988,6.5
1360,CVE-2020-2601,6.8
1361,CVE-2020-2604,8.1
1362,CVE-2020-26195,5.3
1363,CVE-2020-26198,6.1
1364,CVE-2020-26233,7.3
1365,CVE-2020-26264,6.5
1366,CVE-2020-26302,7.5
1367,CVE-2020-26542,9.8
1368,CVE-2020-26559,8.8
1369,CVE-2020-2659,3.7
1370,CVE-2020-26953,4.3
1371,CVE-2020-26964,6.8
1372,CVE-2020-26966,6.5
1373,CVE-2020-26972,9.8
1374,CVE-2020-27176,9.6
1375,CVE-2020-27254,7.5
1376,CVE-2020-27258,6.5
1377,CVE-2020-27278,5.2
1378,CVE-2020-2754,3.7
1379,CVE-2020-2755,3.7
1380,CVE-2020-2756,3.7
1381,CVE-2020-2757,3.7
1382,CVE-2020-27637,9.8
1383,CVE-2020-27725,4.3
1384,CVE-2020-2773,3.7
1385,CVE-2020-27786,7.8
1386,CVE-2020-27795,7.5
1387,CVE-2020-2781,5.3
1388,CVE-2020-27823,7.8
1389,CVE-2020-27824,5.5
1390,CVE-2020-27839,5.4
1391,CVE-2020-2800,4.8
1392,CVE-2020-28025,7.5
1393,CVE-2020-2803,8.3
1394,CVE-2020-2805,8.3
1395,CVE-2020-28221,9.8
1396,CVE-2020-2830,5.3
1397,CVE-2020-28429,9.8
1398,CVE-2020-28472,9.8
1399,CVE-2020-28473,6.8
1400,CVE-2020-28502,8.1
1401,CVE-2020-28588,5.5
1402,CVE-2020-29493,9.8
1403,CVE-2020-29662,5.3
1404,CVE-2020-3126,3.5
1405,CVE-2020-3165,8.2
1406,CVE-2020-3170,5.3
1407,CVE-2020-3234,8.8
1408,CVE-2020-3282,6.1
1409,CVE-2020-3449,4.3
1410,CVE-2020-3473,7.8
1411,CVE-2020-35170,5.4
1412,CVE-2020-35269,8.8
1413,CVE-2020-35284,7.5
1414,CVE-2020-3535,8.4
1415,CVE-2020-35453,5.3
1416,CVE-2020-35608,7.8
1417,CVE-2020-36475,7.5
1418,CVE-2020-3873,3.3
1419,CVE-2020-3921,7.5
1420,CVE-2020-3935,7.5
1421,CVE-2020-3996,5.5
1422,CVE-2020-4100,4.4
1423,CVE-2020-5255,4.3
1424,CVE-2020-5260,7.5
1425,CVE-2020-5290,6.5
1426,CVE-2020-5300,5.3
1427,CVE-2020-5331,5.5
1428,CVE-2020-5367,8.1
1429,CVE-2020-5505,9.8
1430,CVE-2020-5551,8.8
1431,CVE-2020-6021,7.8
1432,CVE-2020-6112,7.8
1433,CVE-2020-6113,7.8
1434,CVE-2020-6116,7.8
1435,CVE-2020-6165,5.3
1436,CVE-2020-6199,5.4
1437,CVE-2020-6202,7.2
1438,CVE-2020-6203,9.1
1439,CVE-2020-6205,6.1
1440,CVE-2020-6220,4.7
1441,CVE-2020-6249,8.8
1442,CVE-2020-6311,6.5
1443,CVE-2020-6324,6.1
1444,CVE-2020-6808,6.5
1445,CVE-2020-6829,5.3
1446,CVE-2020-6873,5.3
1447,CVE-2020-6972,9.1
1448,CVE-2020-6980,3.3
1449,CVE-2020-6988,7.5
1450,CVE-2020-7224,9.8
1451,CVE-2020-7477,7.5
1452,CVE-2020-7489,9.8
1453,CVE-2020-7579,6.1
1454,CVE-2020-7698,9.8
1455,CVE-2020-7708,9.8
1456,CVE-2020-7760,7.5
1457,CVE-2020-7768,9.8
1458,CVE-2020-7777,7.2
1459,CVE-2020-7807,5.5
1460,CVE-2020-7812,9.8
1461,CVE-2020-8339,6.1
1462,CVE-2020-8340,6.1
1463,CVE-2020-8349,9.8
1464,CVE-2020-8429,8.8
1465,CVE-2020-8569,6.5
1466,CVE-2020-8578,3.3
1467,CVE-2020-8590,3.3
1468,CVE-2020-8826,7.5
1469,CVE-2020-8949,8.8
1470,CVE-2020-8991,2.3
1471,CVE-2020-8994,6.8
1472,CVE-2020-9023,9.8
1473,CVE-2020-9049,5.3
1474,CVE-2020-9245,5.5
1475,CVE-2020-9326,7.5
1476,CVE-2020-9520,5.4
1477,CVE-2020-9530,6.5
1478,CVE-2020-9732,9.0
1479,CVE-2020-9734,5.4
1480,CVE-2020-9735,4.8
1481,CVE-2020-9736,4.8
1482,CVE-2020-9737,4.8
1483,CVE-2020-9738,4.8
1484,CVE-2020-9740,5.4
1485,CVE-2020-9741,5.4
1486,CVE-2020-9742,5.4
1487,CVE-2020-9784,4.3
1488,CVE-2020-9835,5.3
1489,CVE-2020-9935,4.3
1490,CVE-2020-9988,5.5
1491,CVE-2020-9989,5.5
1492,CVE-2021-0067,6.7
1493,CVE-2021-0232,7.4
1494,CVE-2021-0271,6.5
1495,CVE-2021-0407,6.7
1496,CVE-2021-0408,5.5
1497,CVE-2021-0409,5.5
1498,CVE-2021-0410,5.5
1499,CVE-2021-0411,5.5
1500,CVE-2021-0412,5.5
1501,CVE-2021-0413,5.5
1502,CVE-2021-0414,5.5
1503,CVE-2021-0415,5.5
1504,CVE-2021-0416,5.5
1505,CVE-2021-0417,5.5
1506,CVE-2021-0418,5.5
1507,CVE-2021-0419,5.5
1508,CVE-2021-0420,5.5
1509,CVE-2021-0421,5.5
1510,CVE-2021-0422,5.5
1511,CVE-2021-0423,5.5
1512,CVE-2021-0424,5.5
1513,CVE-2021-0425,5.5
1514,CVE-2021-0610,7.8
1515,CVE-2021-0611,7.8
1516,CVE-2021-0612,7.8
1517,CVE-2021-0613,5.5
1518,CVE-2021-0614,5.5
1519,CVE-2021-0615,5.5
1520,CVE-2021-0616,5.5
1521,CVE-2021-0617,5.5
1522,CVE-2021-0618,5.5
1523,CVE-2021-0619,5.5
1524,CVE-2021-0620,5.5
1525,CVE-2021-0621,5.5
1526,CVE-2021-0622,5.5
1527,CVE-2021-0623,5.5
1528,CVE-2021-0624,5.5
1529,CVE-2021-0625,6.7
1530,CVE-2021-0626,6.7
1531,CVE-2021-0627,6.7
1532,CVE-2021-0628,6.7
1533,CVE-2021-0629,6.7
1534,CVE-2021-0630,7.5
1535,CVE-2021-0631,7.5
1536,CVE-2021-0632,6.5
1537,CVE-2021-0633,6.7
1538,CVE-2021-0634,6.7
1539,CVE-2021-0655,6.7
1540,CVE-2021-0656,6.7
1541,CVE-2021-0657,6.7
1542,CVE-2021-0658,6.7
1543,CVE-2021-0659,4.4
1544,CVE-2021-0660,4.9
1545,CVE-2021-0661,6.7
1546,CVE-2021-0662,6.7
1547,CVE-2021-0663,6.7
1548,CVE-2021-0664,6.7
1549,CVE-2021-0665,4.4
1550,CVE-2021-0666,4.4
1551,CVE-2021-0667,6.7
1552,CVE-2021-0668,6.7
1553,CVE-2021-0669,6.7
1554,CVE-2021-0670,6.7
1555,CVE-2021-0671,6.7
1556,CVE-2021-0673,7.8
1557,CVE-2021-0674,5.5
1558,CVE-2021-0675,7.8
1559,CVE-2021-0676,4.4
1560,CVE-2021-0677,4.4
1561,CVE-2021-0678,6.7
1562,CVE-2021-0679,6.7
1563,CVE-2021-0893,6.7
1564,CVE-2021-0894,6.7
1565,CVE-2021-0895,6.7
1566,CVE-2021-0896,6.7
1567,CVE-2021-0897,6.7
1568,CVE-2021-0898,6.7
1569,CVE-2021-0899,6.7
1570,CVE-2021-0900,4.4
1571,CVE-2021-0901,6.7
1572,CVE-2021-0902,4.4
1573,CVE-2021-0903,6.7
1574,CVE-2021-0904,6.7
1575,CVE-2021-0942,9.8
1576,CVE-2021-1226,6.5
1577,CVE-2021-1240,7.3
1578,CVE-2021-1362,8.8
1579,CVE-2021-1363,8.1
1580,CVE-2021-1365,8.1
1581,CVE-2021-1593,7.3
1582,CVE-2021-20138,8.8
1583,CVE-2021-20262,6.8
1584,CVE-2021-20327,6.8
1585,CVE-2021-20328,6.8
1586,CVE-2021-20334,7.8
1587,CVE-2021-21084,6.1
1588,CVE-2021-21250,6.5
1589,CVE-2021-21263,5.3
1590,CVE-2021-21324,6.5
1591,CVE-2021-21411,5.5
1592,CVE-2021-21439,6.5
1593,CVE-2021-21488,6.5
1594,CVE-2021-21502,9.8
1595,CVE-2021-21505,9.8
1596,CVE-2021-21562,4.4
1597,CVE-2021-21576,6.1
1598,CVE-2021-21577,6.1
1599,CVE-2021-21581,6.1
1600,CVE-2021-21723,7.5
1601,CVE-2021-21779,8.8
1602,CVE-2021-21781,3.3
1603,CVE-2021-21799,6.1
1604,CVE-2021-21800,6.1
1605,CVE-2021-21810,9.8
1606,CVE-2021-21811,9.8
1607,CVE-2021-21812,7.8
1608,CVE-2021-21814,7.8
1609,CVE-2021-21822,8.8
1610,CVE-2021-21825,9.8
1611,CVE-2021-21829,9.8
1612,CVE-2021-21830,9.8
1613,CVE-2021-21831,8.8
1614,CVE-2021-21870,8.8
1615,CVE-2021-21893,8.8
1616,CVE-2021-21901,8.8
1617,CVE-2021-21903,9.8
1618,CVE-2021-21904,7.2
1619,CVE-2021-21907,4.9
1620,CVE-2021-21919,4.9
1621,CVE-2021-21969,8.1
1622,CVE-2021-21970,8.1
1623,CVE-2021-22053,8.8
1624,CVE-2021-22098,6.1
1625,CVE-2021-22153,7.3
1626,CVE-2021-22155,8.8
1627,CVE-2021-22340,4.1
1628,CVE-2021-22396,7.8
1629,CVE-2021-22556,7.8
1630,CVE-2021-22696,7.5
1631,CVE-2021-22798,7.5
1632,CVE-2021-22826,8.8
1633,CVE-2021-22827,8.8
1634,CVE-2021-22853,5.4
1635,CVE-2021-22859,9.8
1636,CVE-2021-22860,9.8
1637,CVE-2021-22957,8.8
1638,CVE-2021-22967,7.5
1639,CVE-2021-23135,5.5
1640,CVE-2021-23150,4.8
1641,CVE-2021-23155,6.8
1642,CVE-2021-23162,8.1
1643,CVE-2021-23163,8.8
1644,CVE-2021-23182,4.4
1645,CVE-2021-23197,7.8
1646,CVE-2021-23204,6.5
1647,CVE-2021-23209,4.8
1648,CVE-2021-23280,9.9
1649,CVE-2021-23336,5.9
1650,CVE-2021-23340,7.1
1651,CVE-2021-23346,5.3
1652,CVE-2021-23365,9.1
1653,CVE-2021-2341,3.1
1654,CVE-2021-23446,7.5
1655,CVE-2021-23682,9.8
1656,CVE-2021-2369,4.3
1657,CVE-2021-23771,6.5
1658,CVE-2021-23772,8.8
1659,CVE-2021-2388,7.5
1660,CVE-2021-23968,4.3
1661,CVE-2021-23969,4.3
1662,CVE-2021-23970,6.5
1663,CVE-2021-23972,8.8
1664,CVE-2021-24155,7.2
1665,CVE-2021-24159,8.8
1666,CVE-2021-24163,8.8
1667,CVE-2021-24166,5.4
1668,CVE-2021-24181,6.5
1669,CVE-2021-24182,6.5
1670,CVE-2021-24183,6.5
1671,CVE-2021-24184,8.8
1672,CVE-2021-24185,6.5
1673,CVE-2021-24186,6.5
1674,CVE-2021-24197,8.1
1675,CVE-2021-24198,8.1
1676,CVE-2021-24199,6.5
1677,CVE-2021-24200,6.5
1678,CVE-2021-24213,6.1
1679,CVE-2021-24221,8.8
1680,CVE-2021-24239,6.1
1681,CVE-2021-24282,6.3
1682,CVE-2021-24291,6.1
1683,CVE-2021-24308,5.4
1684,CVE-2021-24315,4.8
1685,CVE-2021-24330,4.8
1686,CVE-2021-24334,5.4
1687,CVE-2021-24338,5.4
1688,CVE-2021-24339,5.4
1689,CVE-2021-24348,7.2
1690,CVE-2021-24362,6.1
1691,CVE-2021-24363,4.9
1692,CVE-2021-24396,7.2
1693,CVE-2021-24412,5.4
1694,CVE-2021-24415,5.4
1695,CVE-2021-24416,5.4
1696,CVE-2021-24424,5.4
1697,CVE-2021-24425,4.8
1698,CVE-2021-24426,4.8
1699,CVE-2021-24430,7.2
1700,CVE-2021-24443,5.4
1701,CVE-2021-24444,4.8
1702,CVE-2021-24448,4.8
1703,CVE-2021-24450,4.8
1704,CVE-2021-24455,5.4
1705,CVE-2021-24460,8.8
1706,CVE-2021-24462,8.8
1707,CVE-2021-24486,5.4
1708,CVE-2021-24503,5.4
1709,CVE-2021-24504,6.1
1710,CVE-2021-24521,7.2
1711,CVE-2021-24522,6.1
1712,CVE-2021-24524,4.8
1713,CVE-2021-24525,5.4
1714,CVE-2021-24526,5.4
1715,CVE-2021-24527,9.8
1716,CVE-2021-24529,5.4
1717,CVE-2021-24531,5.4
1718,CVE-2021-24546,8.8
1719,CVE-2021-24554,7.2
1720,CVE-2021-24562,7.5
1721,CVE-2021-24575,8.8
1722,CVE-2021-24594,4.8
1723,CVE-2021-24599,6.1
1724,CVE-2021-24608,4.8
1725,CVE-2021-24647,8.1
1726,CVE-2021-24652,6.5
1727,CVE-2021-24659,5.4
1728,CVE-2021-24660,5.4
1729,CVE-2021-24661,4.3
1730,CVE-2021-24664,4.8
1731,CVE-2021-24667,5.4
1732,CVE-2021-24669,8.8
1733,CVE-2021-24706,4.8
1734,CVE-2021-24728,8.8
1735,CVE-2021-24731,9.8
1736,CVE-2021-24732,5.4
1737,CVE-2021-24737,4.8
1738,CVE-2021-24766,6.5
1739,CVE-2021-24835,8.8
1740,CVE-2021-24847,8.8
1741,CVE-2021-24945,8.0
1742,CVE-2021-25023,7.2
1743,CVE-2021-25036,8.8
1744,CVE-2021-25037,6.5
1745,CVE-2021-25633,7.5
1746,CVE-2021-25634,7.5
1747,CVE-2021-25923,8.1
1748,CVE-2021-25925,5.4
1749,CVE-2021-25969,6.1
1750,CVE-2021-25981,9.8
1751,CVE-2021-25993,5.4
1752,CVE-2021-26291,9.1
1753,CVE-2021-26334,9.9
1754,CVE-2021-26339,5.5
1755,CVE-2021-26360,7.8
1756,CVE-2021-26558,7.5
1757,CVE-2021-26617,9.8
1758,CVE-2021-26620,7.5
1759,CVE-2021-26630,9.8
1760,CVE-2021-26678,6.1
1761,CVE-2021-26682,6.1
1762,CVE-2021-26825,7.8
1763,CVE-2021-26918,9.8
1764,CVE-2021-26967,6.1
1765,CVE-2021-26968,4.8
1766,CVE-2021-27030,7.8
1767,CVE-2021-27098,8.1
1768,CVE-2021-27208,6.8
1769,CVE-2021-27408,7.5
1770,CVE-2021-27410,9.8
1771,CVE-2021-27436,6.1
1772,CVE-2021-27467,6.1
1773,CVE-2021-27479,5.4
1774,CVE-2021-27768,5.9
1775,CVE-2021-27908,4.4
1776,CVE-2021-27913,3.5
1777,CVE-2021-27930,5.4
1778,CVE-2021-28052,4.9
1779,CVE-2021-28171,9.8
1780,CVE-2021-28175,4.9
1781,CVE-2021-28176,4.9
1782,CVE-2021-28177,4.9
1783,CVE-2021-28178,4.9
1784,CVE-2021-28179,4.9
1785,CVE-2021-28180,4.9
1786,CVE-2021-28181,4.9
1787,CVE-2021-28182,4.9
1788,CVE-2021-28183,4.9
1789,CVE-2021-28184,4.9
1790,CVE-2021-28185,4.9
1791,CVE-2021-28186,4.9
1792,CVE-2021-28187,4.9
1793,CVE-2021-28189,4.9
1794,CVE-2021-28190,4.9
1795,CVE-2021-28191,4.9
1796,CVE-2021-28192,4.9
1797,CVE-2021-28193,4.9
1798,CVE-2021-28194,4.9
1799,CVE-2021-28195,4.9
1800,CVE-2021-28196,4.9
1801,CVE-2021-28197,4.9
1802,CVE-2021-28198,4.9
1803,CVE-2021-28200,4.9
1804,CVE-2021-28201,4.9
1805,CVE-2021-28202,4.9
1806,CVE-2021-28203,7.2
1807,CVE-2021-28205,4.9
1808,CVE-2021-28206,4.9
1809,CVE-2021-28207,4.9
1810,CVE-2021-28208,4.9
1811,CVE-2021-28209,4.9
1812,CVE-2021-28428,9.8
1813,CVE-2021-28500,7.8
1814,CVE-2021-28501,7.8
1815,CVE-2021-28543,7.5
1816,CVE-2021-28544,4.3
1817,CVE-2021-28625,6.1
1818,CVE-2021-28628,6.1
1819,CVE-2021-28660,8.8
1820,CVE-2021-28687,5.5
1821,CVE-2021-28694,6.8
1822,CVE-2021-28695,6.8
1823,CVE-2021-28696,6.8
1824,CVE-2021-28704,8.8
1825,CVE-2021-28705,7.8
1826,CVE-2021-28707,8.8
1827,CVE-2021-28708,8.8
1828,CVE-2021-28709,7.8
1829,CVE-2021-28711,6.5
1830,CVE-2021-28712,6.5
1831,CVE-2021-28713,6.5
1832,CVE-2021-28714,6.5
1833,CVE-2021-28715,6.5
1834,CVE-2021-28800,9.8
1835,CVE-2021-28806,5.4
1836,CVE-2021-28901,5.4
1837,CVE-2021-29296,7.5
1838,CVE-2021-29468,8.8
1839,CVE-2021-29483,7.5
1840,CVE-2021-29951,6.5
1841,CVE-2021-29954,9.8
1842,CVE-2021-29979,6.1
1843,CVE-2021-30167,9.8
1844,CVE-2021-30168,9.8
1845,CVE-2021-30169,7.5
1846,CVE-2021-3033,9.8
1847,CVE-2021-3038,5.5
1848,CVE-2021-3043,4.8
1849,CVE-2021-3044,9.8
1850,CVE-2021-30468,7.5
1851,CVE-2021-3049,4.3
1852,CVE-2021-3057,8.1
1853,CVE-2021-30638,7.5
1854,CVE-2021-30803,3.3
1855,CVE-2021-30908,3.3
1856,CVE-2021-3100,8.8
1857,CVE-2021-31384,10.0
1858,CVE-2021-3152,5.3
1859,CVE-2021-31573,9.8
1860,CVE-2021-31574,9.8
1861,CVE-2021-31575,9.8
1862,CVE-2021-31576,7.5
1863,CVE-2021-31577,9.8
1864,CVE-2021-31578,9.8
1865,CVE-2021-3178,6.5
1866,CVE-2021-31805,9.8
1867,CVE-2021-31818,4.3
1868,CVE-2021-32469,7.5
1869,CVE-2021-32484,7.5
1870,CVE-2021-32485,7.5
1871,CVE-2021-32486,7.5
1872,CVE-2021-32487,7.5
1873,CVE-2021-32503,4.9
1874,CVE-2021-32504,5.3
1875,CVE-2021-32520,9.8
1876,CVE-2021-32522,9.8
1877,CVE-2021-32525,7.2
1878,CVE-2021-32535,9.8
1879,CVE-2021-32537,6.5
1880,CVE-2021-32542,6.1
1881,CVE-2021-32652,4.3
1882,CVE-2021-32653,2.7
1883,CVE-2021-32672,4.3
1884,CVE-2021-32760,6.3
1885,CVE-2021-32778,7.5
1886,CVE-2021-32797,9.6
1887,CVE-2021-32930,9.8
1888,CVE-2021-33026,9.8
1889,CVE-2021-33073,5.5
1890,CVE-2021-33357,9.8
1891,CVE-2021-33358,8.8
1892,CVE-2021-33430,5.3
1893,CVE-2021-33645,7.5
1894,CVE-2021-33646,7.5
1895,CVE-2021-33849,5.4
1896,CVE-2021-33853,5.4
1897,CVE-2021-34420,7.4
1898,CVE-2021-35193,7.5
1899,CVE-2021-3552,7.5
1900,CVE-2021-3553,7.5
1901,CVE-2021-3554,10.0
1902,CVE-2021-35550,5.9
1903,CVE-2021-35556,5.3
1904,CVE-2021-35559,5.3
1905,CVE-2021-35561,5.3
1906,CVE-2021-35564,5.3
1907,CVE-2021-35565,5.3
1908,CVE-2021-35567,6.8
1909,CVE-2021-35578,5.3
1910,CVE-2021-35586,5.3
1911,CVE-2021-35588,3.1
1912,CVE-2021-35603,3.7
1913,CVE-2021-35964,9.8
1914,CVE-2021-35965,9.8
1915,CVE-2021-35968,4.3
1916,CVE-2021-36026,6.1
1917,CVE-2021-36027,6.1
1918,CVE-2021-36063,6.1
1919,CVE-2021-36298,9.8
1920,CVE-2021-3659,5.5
1921,CVE-2021-36741,8.8
1922,CVE-2021-36762,7.5
1923,CVE-2021-36774,6.5
1924,CVE-2021-36832,5.4
1925,CVE-2021-36845,4.8
1926,CVE-2021-36850,4.3
1927,CVE-2021-36886,8.8
1928,CVE-2021-36887,8.8
1929,CVE-2021-36889,4.8
1930,CVE-2021-37127,7.2
1931,CVE-2021-37152,5.4
1932,CVE-2021-37211,5.4
1933,CVE-2021-37213,4.3
1934,CVE-2021-37220,5.5
1935,CVE-2021-3752,7.1
1936,CVE-2021-3759,5.5
1937,CVE-2021-37690,6.6
1938,CVE-2021-37909,9.8
1939,CVE-2021-37939,2.7
1940,CVE-2021-38137,8.1
1941,CVE-2021-38138,5.4
1942,CVE-2021-38160,7.8
1943,CVE-2021-38305,7.8
1944,CVE-2021-38314,5.3
1945,CVE-2021-38352,6.1
1946,CVE-2021-38472,4.7
1947,CVE-2021-38480,8.8
1948,CVE-2021-38505,6.5
1949,CVE-2021-38507,6.5
1950,CVE-2021-38554,5.3
1951,CVE-2021-38557,8.8
1952,CVE-2021-39156,7.5
1953,CVE-2021-3956,5.3
1954,CVE-2021-39995,6.5
1955,CVE-2021-40066,5.3
1956,CVE-2021-40148,7.5
1957,CVE-2021-40153,8.1
1958,CVE-2021-40157,7.8
1959,CVE-2021-40341,5.5
1960,CVE-2021-40342,9.8
1961,CVE-2021-40420,8.8
1962,CVE-2021-40503,7.8
1963,CVE-2021-40510,7.5
1964,CVE-2021-40711,5.4
1965,CVE-2021-40839,7.5
1966,CVE-2021-41066,7.5
1967,CVE-2021-41089,6.3
1968,CVE-2021-41095,6.1
1969,CVE-2021-41115,6.5
1970,CVE-2021-41118,7.5
1971,CVE-2021-41135,6.5
1972,CVE-2021-41244,7.2
1973,CVE-2021-41264,9.8
1974,CVE-2021-41275,8.8
1975,CVE-2021-41277,7.5
1976,CVE-2021-4128,6.5
1977,CVE-2021-41289,7.1
1978,CVE-2021-41299,9.8
1979,CVE-2021-41300,9.8
1980,CVE-2021-41302,7.3
1981,CVE-2021-41496,5.5
1982,CVE-2021-41615,9.8
1983,CVE-2021-41788,7.5
1984,CVE-2021-41789,6.5
1985,CVE-2021-41802,5.4
1986,CVE-2021-42021,7.5
1987,CVE-2021-4213,7.5
1988,CVE-2021-4218,5.5
1989,CVE-2021-42333,8.8
1990,CVE-2021-42334,8.8
1991,CVE-2021-42335,5.4
1992,CVE-2021-42337,4.3
1993,CVE-2021-42338,9.8
1994,CVE-2021-42574,8.3
1995,CVE-2021-42669,9.8
1996,CVE-2021-42699,5.9
1997,CVE-2021-42701,6.3
1998,CVE-2021-42703,6.1
1999,CVE-2021-4276,8.8
2000,CVE-2021-42839,8.8
2001,CVE-2021-43116,8.8
2002,CVE-2021-43360,8.8
2003,CVE-2021-43442,8.1
2004,CVE-2021-43464,8.8
2005,CVE-2021-43664,8.1
2006,CVE-2021-43761,5.4
2007,CVE-2021-43764,5.4
2008,CVE-2021-43765,6.1
2009,CVE-2021-43970,8.8
2010,CVE-2021-43991,5.4
2011,CVE-2021-44138,7.5
2012,CVE-2021-44159,9.8
2013,CVE-2021-44161,8.8
2014,CVE-2021-44162,7.5
2015,CVE-2021-44164,9.8
2016,CVE-2021-44176,6.1
2017,CVE-2021-44177,6.1
2018,CVE-2021-44228,10.0
2019,CVE-2021-44554,5.3
2020,CVE-2021-45017,8.8
2021,CVE-2021-45099,8.8
2022,CVE-2021-45449,5.5
2023,CVE-2021-45454,7.5
2024,CVE-2021-45463,7.8
2025,CVE-2021-45608,9.8
2026,CVE-2021-45721,6.1
2027,CVE-2021-45918,7.5
2028,CVE-2021-46013,9.8
2029,CVE-2021-46102,7.5
2030,CVE-2021-46687,4.9
2031,CVE-2021-46790,7.8
2032,CVE-2021-46872,6.1
2033,CVE-2022-0015,7.8
2034,CVE-2022-0018,6.5
2035,CVE-2022-0019,5.5
2036,CVE-2022-0020,5.4
2037,CVE-2022-0025,6.7
2038,CVE-2022-0168,4.4
2039,CVE-2022-0233,5.4
2040,CVE-2022-0492,7.8
2041,CVE-2022-0500,7.8
2042,CVE-2022-0653,6.1
2043,CVE-2022-0851,5.5
2044,CVE-2022-0854,5.5
2045,CVE-2022-0995,7.8
2046,CVE-2022-0998,7.8
2047,CVE-2022-1011,7.8
2048,CVE-2022-1043,8.8
2049,CVE-2022-1048,7.0
2050,CVE-2022-1115,5.5
2051,CVE-2022-1116,7.8
2052,CVE-2022-1184,5.5
2053,CVE-2022-1204,5.5
2054,CVE-2022-1205,4.7
2055,CVE-2022-1234,6.1
2056,CVE-2022-1459,8.3
2057,CVE-2022-1462,6.3
2058,CVE-2022-1508,6.1
2059,CVE-2022-1516,5.5
2060,CVE-2022-1526,5.4
2061,CVE-2022-1656,5.4
2062,CVE-2022-1679,7.8
2063,CVE-2022-1740,4.6
2064,CVE-2022-1750,4.8
2065,CVE-2022-1761,6.5
2066,CVE-2022-1786,7.8
2067,CVE-2022-1837,7.2
2068,CVE-2022-1852,5.5
2069,CVE-2022-1882,7.8
2070,CVE-2022-1976,7.8
2071,CVE-2022-1984,7.8
2072,CVE-2022-20012,7.8
2073,CVE-2022-20013,6.4
2074,CVE-2022-20014,6.7
2075,CVE-2022-20015,4.4
2076,CVE-2022-20016,6.7
2077,CVE-2022-20017,5.5
2078,CVE-2022-20018,4.4
2079,CVE-2022-20019,5.5
2080,CVE-2022-20020,5.5
2081,CVE-2022-20021,6.5
2082,CVE-2022-20022,6.5
2083,CVE-2022-20023,6.5
2084,CVE-2022-20024,7.8
2085,CVE-2022-20025,7.8
2086,CVE-2022-20026,7.8
2087,CVE-2022-20027,7.8
2088,CVE-2022-20028,7.8
2089,CVE-2022-20029,4.4
2090,CVE-2022-20030,6.7
2091,CVE-2022-20031,7.8
2092,CVE-2022-20032,4.1
2093,CVE-2022-20033,4.4
2094,CVE-2022-20034,6.8
2095,CVE-2022-20035,4.4
2096,CVE-2022-20036,5.5
2097,CVE-2022-20037,5.5
2098,CVE-2022-20038,6.7
2099,CVE-2022-20039,6.7
2100,CVE-2022-20040,7.8
2101,CVE-2022-20041,7.8
2102,CVE-2022-20042,5.5
2103,CVE-2022-20043,7.8
2104,CVE-2022-20044,7.8
2105,CVE-2022-20045,7.8
2106,CVE-2022-20046,5.5
2107,CVE-2022-20047,7.8
2108,CVE-2022-20048,7.8
2109,CVE-2022-20049,6.7
2110,CVE-2022-20050,6.7
2111,CVE-2022-20051,5.5
2112,CVE-2022-20052,6.5
2113,CVE-2022-20053,7.8
2114,CVE-2022-20054,7.8
2115,CVE-2022-20055,6.8
2116,CVE-2022-20056,6.6
2117,CVE-2022-20057,6.5
2118,CVE-2022-20058,6.6
2119,CVE-2022-20059,6.6
2120,CVE-2022-20060,6.6
2121,CVE-2022-20062,6.7
2122,CVE-2022-20063,6.5
2123,CVE-2022-20064,6.7
2124,CVE-2022-20065,6.7
2125,CVE-2022-20066,4.4
2126,CVE-2022-20067,6.7
2127,CVE-2022-20068,6.7
2128,CVE-2022-20069,6.6
2129,CVE-2022-20070,6.7
2130,CVE-2022-20071,6.7
2131,CVE-2022-20072,6.7
2132,CVE-2022-20073,6.6
2133,CVE-2022-20074,6.6
2134,CVE-2022-20075,6.7
2135,CVE-2022-20076,4.4
2136,CVE-2022-20077,6.4
2137,CVE-2022-20078,6.4
2138,CVE-2022-20079,4.4
2139,CVE-2022-20080,6.4
2140,CVE-2022-20081,5.9
2141,CVE-2022-20082,7.0
2142,CVE-2022-20083,9.8
2143,CVE-2022-20084,7.8
2144,CVE-2022-20085,6.7
2145,CVE-2022-20087,6.7
2146,CVE-2022-20088,7.8
2147,CVE-2022-20089,6.7
2148,CVE-2022-20090,6.4
2149,CVE-2022-20091,6.4
2150,CVE-2022-20092,5.5
2151,CVE-2022-20093,7.8
2152,CVE-2022-20094,6.7
2153,CVE-2022-20095,6.7
2154,CVE-2022-20096,4.4
2155,CVE-2022-20097,4.7
2156,CVE-2022-20098,4.4
2157,CVE-2022-20099,7.8
2158,CVE-2022-20100,4.4
2159,CVE-2022-20101,5.5
2160,CVE-2022-20102,4.4
2161,CVE-2022-20103,4.4
2162,CVE-2022-20104,5.5
2163,CVE-2022-20105,6.7
2164,CVE-2022-20106,6.7
2165,CVE-2022-20107,4.4
2166,CVE-2022-20108,6.7
2167,CVE-2022-20109,7.8
2168,CVE-2022-20110,7.0
2169,CVE-2022-20111,8.4
2170,CVE-2022-2053,7.5
2171,CVE-2022-20866,7.5
2172,CVE-2022-20918,7.5
2173,CVE-2022-2108,5.3
2174,CVE-2022-21149,3.5
2175,CVE-2022-21248,3.7
2176,CVE-2022-21271,5.3
2177,CVE-2022-21277,5.3
2178,CVE-2022-21282,5.3
2179,CVE-2022-21283,5.3
2180,CVE-2022-21291,5.3
2181,CVE-2022-21293,5.3
2182,CVE-2022-21294,5.3
2183,CVE-2022-21296,5.3
2184,CVE-2022-21299,5.3
2185,CVE-2022-21305,5.3
2186,CVE-2022-21340,5.3
2187,CVE-2022-21341,5.3
2188,CVE-2022-21349,5.3
2189,CVE-2022-21360,5.3
2190,CVE-2022-21365,5.3
2191,CVE-2022-21366,5.3
2192,CVE-2022-21426,5.3
2193,CVE-2022-21434,5.3
2194,CVE-2022-21443,3.7
2195,CVE-2022-21449,7.5
2196,CVE-2022-21476,7.5
2197,CVE-2022-21496,5.3
2198,CVE-2022-2153,5.5
2199,CVE-2022-21540,5.3
2200,CVE-2022-21541,5.9
2201,CVE-2022-21549,5.3
2202,CVE-2022-21551,6.8
2203,CVE-2022-21618,5.3
2204,CVE-2022-21619,3.7
2205,CVE-2022-21624,3.7
2206,CVE-2022-21626,5.3
2207,CVE-2022-21628,5.3
2208,CVE-2022-21675,7.8
2209,CVE-2022-21743,7.8
2210,CVE-2022-21744,9.8
2211,CVE-2022-21745,8.8
2212,CVE-2022-21746,4.4
2213,CVE-2022-21747,4.4
2214,CVE-2022-21748,5.5
2215,CVE-2022-21749,5.5
2216,CVE-2022-21750,6.7
2217,CVE-2022-21751,6.7
2218,CVE-2022-21752,6.7
2219,CVE-2022-21753,6.7
2220,CVE-2022-21754,6.7
2221,CVE-2022-21755,4.4
2222,CVE-2022-21756,4.4
2223,CVE-2022-21757,7.5
2224,CVE-2022-21758,6.7
2225,CVE-2022-21759,6.7
2226,CVE-2022-21760,4.4
2227,CVE-2022-21761,4.4
2228,CVE-2022-21762,4.4
2229,CVE-2022-21763,5.5
2230,CVE-2022-21764,5.5
2231,CVE-2022-21765,6.7
2232,CVE-2022-21766,6.7
2233,CVE-2022-21767,8.8
2234,CVE-2022-21768,8.8
2235,CVE-2022-21769,4.4
2236,CVE-2022-21770,6.7
2237,CVE-2022-21771,6.7
2238,CVE-2022-21772,6.7
2239,CVE-2022-21773,6.7
2240,CVE-2022-21774,6.7
2241,CVE-2022-21775,6.7
2242,CVE-2022-21776,6.4
2243,CVE-2022-21777,7.8
2244,CVE-2022-21778,6.7
2245,CVE-2022-21779,6.7
2246,CVE-2022-21780,6.7
2247,CVE-2022-21781,6.7
2248,CVE-2022-21782,6.7
2249,CVE-2022-21783,6.7
2250,CVE-2022-21784,6.7
2251,CVE-2022-21785,6.7
2252,CVE-2022-21786,6.7
2253,CVE-2022-21787,6.7
2254,CVE-2022-21788,6.7
2255,CVE-2022-21789,6.4
2256,CVE-2022-21790,4.4
2257,CVE-2022-21791,4.4
2258,CVE-2022-21792,6.7
2259,CVE-2022-21818,5.4
2260,CVE-2022-2192,8.8
2261,CVE-2022-2197,9.8
2262,CVE-2022-22054,6.5
2263,CVE-2022-22055,9.8
2264,CVE-2022-22056,9.8
2265,CVE-2022-22110,7.5
2266,CVE-2022-22111,8.8
2267,CVE-2022-22116,5.4
2268,CVE-2022-22123,5.4
2269,CVE-2022-22124,5.4
2270,CVE-2022-22125,4.8
2271,CVE-2022-22128,9.8
2272,CVE-2022-22150,8.8
2273,CVE-2022-22262,7.7
2274,CVE-2022-2233,8.8
2275,CVE-2022-22570,10.0
2276,CVE-2022-22656,3.3
2277,CVE-2022-22727,8.8
2278,CVE-2022-22779,3.7
2279,CVE-2022-22781,7.5
2280,CVE-2022-22789,7.8
2281,CVE-2022-22792,7.5
2282,CVE-2022-22796,9.8
2283,CVE-2022-22797,6.1
2284,CVE-2022-22798,8.8
2285,CVE-2022-22811,8.1
2286,CVE-2022-22934,8.8
2287,CVE-2022-2297,8.8
2288,CVE-2022-23001,5.3
2289,CVE-2022-23036,7.0
2290,CVE-2022-23037,7.0
2291,CVE-2022-23038,7.0
2292,CVE-2022-23039,7.0
2293,CVE-2022-23040,7.0
2294,CVE-2022-23041,7.0
2295,CVE-2022-23042,7.0
2296,CVE-2022-23067,8.8
2297,CVE-2022-23139,8.8
2298,CVE-2022-23165,6.1
2299,CVE-2022-23463,9.8
2300,CVE-2022-23464,7.5
2301,CVE-2022-23474,6.1
2302,CVE-2022-23486,7.5
2303,CVE-2022-23498,8.8
2304,CVE-2022-23527,6.1
2305,CVE-2022-23539,8.1
2306,CVE-2022-23540,7.6
2307,CVE-2022-23554,5.4
2308,CVE-2022-23656,5.4
2309,CVE-2022-23685,8.8
2310,CVE-2022-23692,8.8
2311,CVE-2022-23693,8.8
2312,CVE-2022-23694,8.8
2313,CVE-2022-23695,8.8
2314,CVE-2022-23696,8.8
2315,CVE-2022-23710,6.1
2316,CVE-2022-23713,6.1
2317,CVE-2022-23722,6.5
2318,CVE-2022-23763,8.8
2319,CVE-2022-23767,9.8
2320,CVE-2022-23831,7.5
2321,CVE-2022-23970,8.1
2322,CVE-2022-23971,8.1
2323,CVE-2022-23972,8.8
2324,CVE-2022-23973,8.8
2325,CVE-2022-2433,8.8
2326,CVE-2022-2435,8.8
2327,CVE-2022-2437,9.8
2328,CVE-2022-24397,6.1
2329,CVE-2022-2442,7.2
2330,CVE-2022-24551,8.8
2331,CVE-2022-24552,9.8
2332,CVE-2022-24712,8.8
2333,CVE-2022-2473,4.8
2334,CVE-2022-24734,7.2
2335,CVE-2022-24737,6.5
2336,CVE-2022-24761,7.5
2337,CVE-2022-24768,8.8
2338,CVE-2022-24791,9.8
2339,CVE-2022-24801,8.1
2340,CVE-2022-24803,9.8
2341,CVE-2022-2482,8.8
2342,CVE-2022-24844,8.8
2343,CVE-2022-24864,5.4
2344,CVE-2022-24917,4.4
2345,CVE-2022-24918,4.4
2346,CVE-2022-24919,4.4
2347,CVE-2022-2513,5.5
2348,CVE-2022-25160,5.9
2349,CVE-2022-2517,5.4
2350,CVE-2022-25231,7.5
2351,CVE-2022-25237,9.8
2352,CVE-2022-25251,9.8
2353,CVE-2022-25304,7.5
2354,CVE-2022-25594,5.3
2355,CVE-2022-25596,8.8
2356,CVE-2022-25597,8.8
2357,CVE-2022-25842,9.8
2358,CVE-2022-25852,7.5
2359,CVE-2022-25885,7.5
2360,CVE-2022-25892,7.5
2361,CVE-2022-25894,9.8
2362,CVE-2022-26137,8.8
2363,CVE-2022-26305,7.5
2364,CVE-2022-26355,4.4
2365,CVE-2022-26358,7.8
2366,CVE-2022-26359,7.8
2367,CVE-2022-26360,7.8
2368,CVE-2022-26361,7.8
2369,CVE-2022-26362,6.4
2370,CVE-2022-26365,7.1
2371,CVE-2022-26387,7.5
2372,CVE-2022-2640,7.5
2373,CVE-2022-2641,9.8
2374,CVE-2022-2642,7.5
2375,CVE-2022-26426,6.7
2376,CVE-2022-26427,6.7
2377,CVE-2022-26428,6.4
2378,CVE-2022-26429,7.8
2379,CVE-2022-26430,6.7
2380,CVE-2022-26431,6.7
2381,CVE-2022-26432,6.7
2382,CVE-2022-26433,6.7
2383,CVE-2022-26434,6.7
2384,CVE-2022-26435,6.7
2385,CVE-2022-26436,4.4
2386,CVE-2022-26437,9.8
2387,CVE-2022-26438,6.7
2388,CVE-2022-26439,6.7
2389,CVE-2022-26440,6.7
2390,CVE-2022-26441,6.7
2391,CVE-2022-26442,6.7
2392,CVE-2022-26443,6.7
2393,CVE-2022-26444,6.7
2394,CVE-2022-26445,6.7
2395,CVE-2022-26446,7.5
2396,CVE-2022-26447,9.8
2397,CVE-2022-26448,6.7
2398,CVE-2022-26449,6.7
2399,CVE-2022-26450,6.4
2400,CVE-2022-26451,6.7
2401,CVE-2022-26452,6.7
2402,CVE-2022-26453,6.7
2403,CVE-2022-26454,6.7
2404,CVE-2022-26455,6.7
2405,CVE-2022-26456,4.4
2406,CVE-2022-26457,6.7
2407,CVE-2022-26458,6.7
2408,CVE-2022-26459,4.4
2409,CVE-2022-26460,6.7
2410,CVE-2022-26461,6.7
2411,CVE-2022-26462,4.4
2412,CVE-2022-26463,4.4
2413,CVE-2022-26464,6.7
2414,CVE-2022-26465,6.7
2415,CVE-2022-26466,6.7
2416,CVE-2022-26467,6.7
2417,CVE-2022-26468,6.6
2418,CVE-2022-26469,7.8
2419,CVE-2022-26470,6.7
2420,CVE-2022-26471,7.8
2421,CVE-2022-26472,7.8
2422,CVE-2022-26473,6.7
2423,CVE-2022-26474,6.7
2424,CVE-2022-26475,6.7
2425,CVE-2022-26520,9.8
2426,CVE-2022-26527,6.5
2427,CVE-2022-26528,6.5
2428,CVE-2022-26529,6.5
2429,CVE-2022-26671,7.3
2430,CVE-2022-26947,5.4
2431,CVE-2022-2695,5.4
2432,CVE-2022-26951,6.1
2433,CVE-2022-26959,9.8
2434,CVE-2022-27002,9.8
2435,CVE-2022-2716,5.4
2436,CVE-2022-2717,4.9
2437,CVE-2022-2718,4.9
2438,CVE-2022-2758,5.9
2439,CVE-2022-27628,6.5
2440,CVE-2022-27674,7.5
2441,CVE-2022-27677,7.8
2442,CVE-2022-28199,8.6
2443,CVE-2022-28214,7.8
2444,CVE-2022-28217,6.5
2445,CVE-2022-28321,9.8
2446,CVE-2022-2873,5.5
2447,CVE-2022-2897,7.8
2448,CVE-2022-2898,5.5
2449,CVE-2022-29170,8.5
2450,CVE-2022-29227,7.5
2451,CVE-2022-29228,7.5
2452,CVE-2022-29229,7.2
2453,CVE-2022-29245,5.9
2454,CVE-2022-2934,5.4
2455,CVE-2022-2943,4.9
2456,CVE-2022-2945,2.7
2457,CVE-2022-29539,9.8
2458,CVE-2022-29550,5.5
2459,CVE-2022-29581,7.8
2460,CVE-2022-29582,7.0
2461,CVE-2022-2961,7.0
2462,CVE-2022-29618,6.1
2463,CVE-2022-2964,7.8
2464,CVE-2022-2970,9.8
2465,CVE-2022-2971,7.5
2466,CVE-2022-2972,9.8
2467,CVE-2022-2973,7.5
2468,CVE-2022-29835,5.3
2469,CVE-2022-2988,7.5
2470,CVE-2022-29942,6.5
2471,CVE-2022-29943,6.5
2472,CVE-2022-3001,7.5
2473,CVE-2022-30105,9.8
2474,CVE-2022-30117,9.1
2475,CVE-2022-30278,6.1
2476,CVE-2022-3029,7.5
2477,CVE-2022-30313,7.5
2478,CVE-2022-30544,8.8
2479,CVE-2022-30562,4.7
2480,CVE-2022-30618,7.5
2481,CVE-2022-3077,5.5
2482,CVE-2022-31030,5.5
2483,CVE-2022-31053,9.8
2484,CVE-2022-31059,5.4
2485,CVE-2022-31089,7.5
2486,CVE-2022-31197,8.0
2487,CVE-2022-3139,4.8
2488,CVE-2022-3140,6.3
2489,CVE-2022-3144,4.8
2490,CVE-2022-31590,7.8
2491,CVE-2022-31595,8.8
2492,CVE-2022-31648,6.1
2493,CVE-2022-3184,9.8
2494,CVE-2022-3186,7.5
2495,CVE-2022-3188,5.3
2496,CVE-2022-32171,5.4
2497,CVE-2022-32172,5.4
2498,CVE-2022-32177,9.0
2499,CVE-2022-32249,7.5
2500,CVE-2022-32268,8.8
2501,CVE-2022-32275,7.5
2502,CVE-2022-3238,7.8
2503,CVE-2022-32456,9.8
2504,CVE-2022-32515,9.8
2505,CVE-2022-32517,6.5
2506,CVE-2022-32537,4.8
2507,CVE-2022-32589,7.5
2508,CVE-2022-32590,6.7
2509,CVE-2022-32591,7.5
2510,CVE-2022-32592,6.7
2511,CVE-2022-32593,6.7
2512,CVE-2022-32594,6.7
2513,CVE-2022-32595,4.4
2514,CVE-2022-32596,6.7
2515,CVE-2022-32597,6.7
2516,CVE-2022-32598,6.7
2517,CVE-2022-32601,7.8
2518,CVE-2022-32602,5.5
2519,CVE-2022-32603,6.7
2520,CVE-2022-32605,6.7
2521,CVE-2022-32607,6.7
2522,CVE-2022-32608,6.4
2523,CVE-2022-32609,6.4
2524,CVE-2022-32610,6.4
2525,CVE-2022-32611,6.7
2526,CVE-2022-32612,6.4
2527,CVE-2022-32613,6.4
2528,CVE-2022-32614,6.7
2529,CVE-2022-32615,6.7
2530,CVE-2022-32616,6.7
2531,CVE-2022-32617,6.8
2532,CVE-2022-32618,6.8
2533,CVE-2022-32619,6.7
2534,CVE-2022-32620,6.7
2535,CVE-2022-32621,6.4
2536,CVE-2022-32622,6.7
2537,CVE-2022-32623,6.7
2538,CVE-2022-32624,6.7
2539,CVE-2022-32625,6.7
2540,CVE-2022-32626,6.7
2541,CVE-2022-32628,6.7
2542,CVE-2022-32629,6.7
2543,CVE-2022-32630,6.7
2544,CVE-2022-32631,6.7
2545,CVE-2022-32632,6.7
2546,CVE-2022-32633,6.7
2547,CVE-2022-32634,6.7
2548,CVE-2022-32635,7.8
2549,CVE-2022-32636,6.7
2550,CVE-2022-32637,6.7
2551,CVE-2022-32638,6.4
2552,CVE-2022-32639,4.4
2553,CVE-2022-32640,6.7
2554,CVE-2022-32641,6.7
2555,CVE-2022-32642,6.4
2556,CVE-2022-32643,6.4
2557,CVE-2022-32644,6.4
2558,CVE-2022-32645,4.1
2559,CVE-2022-32646,6.7
2560,CVE-2022-32647,6.7
2561,CVE-2022-32648,6.4
2562,CVE-2022-32649,6.7
2563,CVE-2022-32650,6.7
2564,CVE-2022-32651,6.7
2565,CVE-2022-32652,6.7
2566,CVE-2022-32653,6.7
2567,CVE-2022-32654,6.7
2568,CVE-2022-32655,6.7
2569,CVE-2022-32656,6.7
2570,CVE-2022-32657,6.7
2571,CVE-2022-32658,6.7
2572,CVE-2022-32659,6.7
2573,CVE-2022-32663,7.5
2574,CVE-2022-32664,8.8
2575,CVE-2022-32665,9.8
2576,CVE-2022-32747,7.1
2577,CVE-2022-32748,8.1
2578,CVE-2022-32848,5.5
2579,CVE-2022-32857,4.3
2580,CVE-2022-32959,6.8
2581,CVE-2022-32960,6.8
2582,CVE-2022-32961,6.8
2583,CVE-2022-32962,6.8
2584,CVE-2022-32963,7.5
2585,CVE-2022-32964,9.8
2586,CVE-2022-33740,7.1
2587,CVE-2022-33741,7.1
2588,CVE-2022-33742,7.1
2589,CVE-2022-3384,7.2
2590,CVE-2022-33859,9.8
2591,CVE-2022-33915,7.0
2592,CVE-2022-33936,9.8
2593,CVE-2022-33994,3.0
2594,CVE-2022-34046,7.5
2595,CVE-2022-34257,6.1
2596,CVE-2022-34258,4.8
2597,CVE-2022-34469,8.1
2598,CVE-2022-34477,7.5
2599,CVE-2022-34767,9.8
2600,CVE-2022-34773,9.8
2601,CVE-2022-3480,7.5
2602,CVE-2022-34882,6.5
2603,CVE-2022-34883,8.8
2604,CVE-2022-35216,7.5
2605,CVE-2022-35217,7.8
2606,CVE-2022-35218,5.5
2607,CVE-2022-35219,5.5
2608,CVE-2022-35223,9.8
2609,CVE-2022-35224,6.1
2610,CVE-2022-35292,7.8
2611,CVE-2022-35298,6.1
2612,CVE-2022-3577,7.8
2613,CVE-2022-3586,5.5
2614,CVE-2022-36007,3.3
2615,CVE-2022-36063,9.8
2616,CVE-2022-36064,7.5
2617,CVE-2022-36070,7.3
2618,CVE-2022-36201,9.8
2619,CVE-2022-36401,8.8
2620,CVE-2022-36783,5.4
2621,CVE-2022-36784,9.8
2622,CVE-2022-36785,7.5
2623,CVE-2022-36859,4.8
2624,CVE-2022-3703,10.0
2625,CVE-2022-3704,5.4
2626,CVE-2022-37129,8.8
2627,CVE-2022-37397,9.8
2628,CVE-2022-3741,9.8
2629,CVE-2022-37616,9.8
2630,CVE-2022-37877,7.8
2631,CVE-2022-37878,7.2
2632,CVE-2022-37879,7.2
2633,CVE-2022-37880,7.2
2634,CVE-2022-37881,7.2
2635,CVE-2022-37882,7.2
2636,CVE-2022-37883,7.2
2637,CVE-2022-37884,7.5
2638,CVE-2022-38117,6.1
2639,CVE-2022-38118,8.8
2640,CVE-2022-38120,6.5
2641,CVE-2022-38121,6.5
2642,CVE-2022-38152,7.5
2643,CVE-2022-38153,5.9
2644,CVE-2022-38204,6.1
2645,CVE-2022-38206,6.1
2646,CVE-2022-38207,6.1
2647,CVE-2022-38209,6.1
2648,CVE-2022-38210,6.1
2649,CVE-2022-38467,6.1
2650,CVE-2022-38699,5.9
2651,CVE-2022-38778,6.5
2652,CVE-2022-39033,9.8
2653,CVE-2022-39039,9.8
2654,CVE-2022-3924,7.5
2655,CVE-2022-39250,7.5
2656,CVE-2022-39265,7.2
2657,CVE-2022-3927,9.8
2658,CVE-2022-39272,4.3
2659,CVE-2022-3928,5.5
2660,CVE-2022-3929,9.8
2661,CVE-2022-39324,3.5
2662,CVE-2022-39343,7.8
2663,CVE-2022-39381,5.5
2664,CVE-2022-39382,9.8
2665,CVE-2022-39399,3.7
2666,CVE-2022-40190,9.6
2667,CVE-2022-40299,7.8
2668,CVE-2022-40317,5.4
2669,CVE-2022-40697,4.8
2670,CVE-2022-40741,9.8
2671,CVE-2022-4110,4.8
2672,CVE-2022-41134,8.8
2673,CVE-2022-41273,6.1
2674,CVE-2022-41316,5.3
2675,CVE-2022-41352,9.8
2676,CVE-2022-4139,7.8
2677,CVE-2022-41552,9.8
2678,CVE-2022-41553,5.5
2679,CVE-2022-41607,7.5
2680,CVE-2022-41627,7.6
2681,CVE-2022-41919,8.8
2682,CVE-2022-41939,7.4
2683,CVE-2022-41989,9.8
2684,CVE-2022-42311,6.5
2685,CVE-2022-42312,6.5
2686,CVE-2022-42313,6.5
2687,CVE-2022-42314,6.5
2688,CVE-2022-42315,6.5
2689,CVE-2022-42316,6.5
2690,CVE-2022-42317,6.5
2691,CVE-2022-42318,6.5
2692,CVE-2022-42322,5.5
2693,CVE-2022-42323,5.5
2694,CVE-2022-42325,5.5
2695,CVE-2022-42326,5.5
2696,CVE-2022-42328,5.5
2697,CVE-2022-42329,5.5
2698,CVE-2022-42439,4.9
2699,CVE-2022-42467,5.3
2700,CVE-2022-42732,7.5
2701,CVE-2022-42733,7.5
2702,CVE-2022-42734,7.5
2703,CVE-2022-42891,7.5
2704,CVE-2022-42892,5.3
2705,CVE-2022-42893,7.5
2706,CVE-2022-43437,8.8
2707,CVE-2022-43455,6.5
2708,CVE-2022-43483,7.2
2709,CVE-2022-43492,8.8
2710,CVE-2022-43557,5.3
2711,CVE-2022-43565,8.8
2712,CVE-2022-43566,8.0
2713,CVE-2022-43673,4.7
2714,CVE-2022-43695,4.8
2715,CVE-2022-43765,7.5
2716,CVE-2022-4427,9.8
2717,CVE-2022-44643,8.8
2718,CVE-2022-44737,8.8
2719,CVE-2022-45061,7.5
2720,CVE-2022-45127,8.1
2721,CVE-2022-45403,6.5
2722,CVE-2022-45411,6.1
2723,CVE-2022-45808,9.8
2724,CVE-2022-45820,8.8
2725,CVE-2022-45875,9.8
2726,CVE-2022-46148,5.4
2727,CVE-2022-46169,9.8
2728,CVE-2022-46285,7.5
2729,CVE-2022-4634,7.8
2730,CVE-2022-46367,8.8
2731,CVE-2022-46368,8.8
2732,CVE-2022-46369,5.4
2733,CVE-2022-46370,7.5
2734,CVE-2022-46733,9.6
2735,CVE-2022-46862,8.8
2736,CVE-2022-4693,9.8
2737,CVE-2022-47395,8.1
2738,CVE-2022-47615,9.8
2739,CVE-2022-47911,7.2
2740,CVE-2022-47917,6.5
2741,CVE-2022-47952,3.3
2742,CVE-2022-48326,6.1
2743,CVE-2023-0038,6.1
2744,CVE-2023-0052,8.8
2745,CVE-2023-0257,9.8
2746,CVE-2023-0293,4.3
2747,CVE-2023-0294,4.3
2748,CVE-2023-0524,8.8
2749,CVE-2023-0690,7.1
2750,CVE-2023-0814,6.5
2751,CVE-2023-20602,6.7
2752,CVE-2023-20604,6.7
2753,CVE-2023-20605,4.4
2754,CVE-2023-20606,4.4
2755,CVE-2023-20607,6.4
2756,CVE-2023-20608,6.4
2757,CVE-2023-20609,4.4
2758,CVE-2023-20610,6.4
2759,CVE-2023-20611,6.4
2760,CVE-2023-20612,6.7
2761,CVE-2023-20613,6.7
2762,CVE-2023-20614,6.7
2763,CVE-2023-20615,6.7
2764,CVE-2023-20616,6.7
2765,CVE-2023-20618,6.7
2766,CVE-2023-20619,6.7
2767,CVE-2023-21447,3.3
2768,CVE-2023-21450,2.1
2769,CVE-2023-21830,5.3
2770,CVE-2023-21835,5.3
2771,CVE-2023-21843,3.7
2772,CVE-2023-22302,5.9
2773,CVE-2023-22389,6.5
2774,CVE-2023-22454,6.1
2775,CVE-2023-22455,6.1
2776,CVE-2023-22597,5.9
2777,CVE-2023-22884,9.8
2778,CVE-2023-23461,9.8
2779,CVE-2023-23462,9.8
2780,CVE-2023-23835,7.5
2781,CVE-2023-23946,7.5
2782,CVE-2023-23950,6.1
2783,CVE-2023-24058,4.3
2784,CVE-2023-24060,5.0
2785,CVE-2023-24804,4.4
2786,CVE-2023-24815,5.3
2787,CVE-2023-25065,8.8
2788,CVE-2023-25653,7.5
